gcs_path	size_bytes	md5	snapshot_timestamp
gs://motrpac-data-hub/analysis/human-precovid-sed-adu/v1.3/clinical_chemistry/da/human-precovid-sed-adu_t02-plasma_clinical_chemistry_da_dream-acute_v1.3.txt	131007	gnJ804kelhrhfR+LEjj69A==	20260624_162426
gs://motrpac-data-hub/analysis/human-precovid-sed-adu/v1.3/clinical_chemistry/metadata/human-precovid-sed-adu_t02-plasma_clinical_chemistry_metadata_samples_v1.3.txt	526874	iZuKhQP2zW6p2FvR68arlQ==	20260624_162426
gs://motrpac-data-hub/analysis/human-precovid-sed-adu/v1.3/clinical_chemistry/qc-norm/human-precovid-sed-adu_t02-plasma_clinical_chemistry_qc-norm_log2-transformed_v1.3.txt	170222	svCsDFW8IhKWI5kQwt0OXw==	20260624_162426
gs://motrpac-data-hub/analysis/human-precovid-sed-adu/v1.3/epigenomics/da/human-precovid-sed-adu_t03-edta_epigen-methylcap-seq_da_malax-glmm-acute_v1.2.txt	817280255	xLUkl10EdHRCMRl05rtBCQ==	20260624_162426
gs://motrpac-data-hub/analysis/human-precovid-sed-adu/v1.3/epigenomics/da/human-precovid-sed-adu_t05-pbmc_epigen-atac-seq_da_dream-acute_v1.2.txt	2394101945	t5bZgN4ZzzWK4ZdbB7tI1Q==	20260624_162426
gs://motrpac-data-hub/analysis/human-precovid-sed-adu/v1.3/epigenomics/da/human-precovid-sed-adu_t06-muscle_epigen-atac-seq_da_dream-acute_v1.2.txt	2460310694	mtGrWPgIqr4oZ+ncoWb9ug==	20260624_162426
gs://motrpac-data-hub/analysis/human-precovid-sed-adu/v1.3/epigenomics/da/human-precovid-sed-adu_t06-muscle_epigen-methylcap-seq_da_malax-glmm-acute_v1.2.txt	1263150456	hvcd1YdzEkMNqSRoo5dshQ==	20260624_162426
gs://motrpac-data-hub/analysis/human-precovid-sed-adu/v1.3/epigenomics/da/human-precovid-sed-adu_t11-adipose_epigen-methylcap-seq_da_malax-glmm-acute_v1.2.txt	767453550	Luc2695Hfr4A3NpoZFOYtw==	20260624_162426
gs://motrpac-data-hub/analysis/human-precovid-sed-adu/v1.3/epigenomics/metadata/human-precovid-sed-adu_t03-edta_epigen-methylcap-seq_metadata_removed-samples_v1.2.txt	1056	fOD1UxXJ9om98cjc3NTabA==	20260624_162426
gs://motrpac-data-hub/analysis/human-precovid-sed-adu/v1.3/epigenomics/metadata/human-precovid-sed-adu_t03-edta_epigen-methylcap-seq_metadata_samples_v1.2.txt	107100	iKxoN8higELOHos2CTBWkw==	20260624_162426
gs://motrpac-data-hub/analysis/human-precovid-sed-adu/v1.3/epigenomics/metadata/human-precovid-sed-adu_t05-human-pbmc_epigen-atac-seq_qc-report_v1.2.html	2228902	gIeQw5rKM663lPI8+oMoow==	20260624_162426
gs://motrpac-data-hub/analysis/human-precovid-sed-adu/v1.3/epigenomics/metadata/human-precovid-sed-adu_t05-pbmc_epigen-atac-seq_metadata_features_v1.2.txt	5996282	ualXMx//+HXNKgLHjYxhow==	20260624_162426
gs://motrpac-data-hub/analysis/human-precovid-sed-adu/v1.3/epigenomics/metadata/human-precovid-sed-adu_t05-pbmc_epigen-atac-seq_metadata_samples_v1.2.txt	189391	PnljcqlaOMJllc4MAq7U1Q==	20260624_162426
gs://motrpac-data-hub/analysis/human-precovid-sed-adu/v1.3/epigenomics/metadata/human-precovid-sed-adu_t06-human-muscle_epigen-atac-seq_qc-report_v1.2.html	2312639	GfvkF+otTLSKlCSVWRdpXA==	20260624_162426
gs://motrpac-data-hub/analysis/human-precovid-sed-adu/v1.3/epigenomics/metadata/human-precovid-sed-adu_t06-muscle_epigen-atac-seq_metadata_features_v1.2.txt	6100758	kp4EzvoD/6z5+it939SIoQ==	20260624_162426
gs://motrpac-data-hub/analysis/human-precovid-sed-adu/v1.3/epigenomics/metadata/human-precovid-sed-adu_t06-muscle_epigen-atac-seq_metadata_samples_v1.2.txt	181807	5EafIntRPpygKQjVBbKiVA==	20260624_162426
gs://motrpac-data-hub/analysis/human-precovid-sed-adu/v1.3/epigenomics/metadata/human-precovid-sed-adu_t06-muscle_epigen-methylcap-seq_metadata_samples_v1.2.txt	74867	kdhHrh5BA5TqiTogIEELzQ==	20260624_162426
gs://motrpac-data-hub/analysis/human-precovid-sed-adu/v1.3/epigenomics/metadata/human-precovid-sed-adu_t11-adipose_epigen-methylcap-seq_metadata_samples_v1.2.txt	59554	L8/iz3DLGm69+PFEQCm7Qg==	20260624_162426
gs://motrpac-data-hub/analysis/human-precovid-sed-adu/v1.3/epigenomics/qc-norm/human-precovid-sed-adu_t03-edta_epigen-methylcap-seq_qc-norm_beta-values_v1.2.txt	959093417	UZiTumhNthgTgnL0kk1udA==	20260624_162426
gs://motrpac-data-hub/analysis/human-precovid-sed-adu/v1.3/epigenomics/qc-norm/human-precovid-sed-adu_t05-pbmc_epigen-atac-seq_qc-norm_log-cpm_v1.2.txt	589763938	k4FHYWwonOkutOjPW60VWA==	20260624_162426
gs://motrpac-data-hub/analysis/human-precovid-sed-adu/v1.3/epigenomics/qc-norm/human-precovid-sed-adu_t06-muscle_epigen-atac-seq_qc-norm_log-cpm_v1.2.txt	533168054	cepCDDp1A2pb9EVGSzc6sw==	20260624_162426
gs://motrpac-data-hub/analysis/human-precovid-sed-adu/v1.3/epigenomics/qc-norm/human-precovid-sed-adu_t06-muscle_epigen-methylcap-seq_qc-norm_beta-values_v1.2.txt	1623885291	CsxQQBJCcNfYSc5B6PrDIw==	20260624_162426
gs://motrpac-data-hub/analysis/human-precovid-sed-adu/v1.3/epigenomics/qc-norm/human-precovid-sed-adu_t11-adipose_epigen-methylcap-seq_qc-norm_beta-values_v1.2.txt	1567066686	cyUbuzCNkwxNbNqGPt93Fw==	20260624_162426
gs://motrpac-data-hub/analysis/human-precovid-sed-adu/v1.3/metabolomics-targeted/da/human-precovid-sed-adu_t02-plasma_metab-t-amines_da_dream-acute_v1.3.txt	488387	7fyt50muLm9l39TcGg8JtA==	20260624_162426
gs://motrpac-data-hub/analysis/human-precovid-sed-adu/v1.3/metabolomics-targeted/da/human-precovid-sed-adu_t02-plasma_metab-t-conv_da_dream-acute_v1.3.txt	64578	sZOfGWTrqCxMKb1npRHi9A==	20260624_162426
gs://motrpac-data-hub/analysis/human-precovid-sed-adu/v1.3/metabolomics-targeted/da/human-precovid-sed-adu_t02-plasma_metab-t-imm-crt_da_dream-acute_v1.3.txt	13178	H+GrqZAwMXJnj6FyeqIQQg==	20260624_162426
gs://motrpac-data-hub/analysis/human-precovid-sed-adu/v1.3/metabolomics-targeted/da/human-precovid-sed-adu_t02-plasma_metab-t-oxylipneg_da_dream-acute_v1.3.txt	53632	KKVNx39dqCalAwOhoSK7uA==	20260624_162426
gs://motrpac-data-hub/analysis/human-precovid-sed-adu/v1.3/metabolomics-targeted/da/human-precovid-sed-adu_t02-plasma_metab-t-tca_da_dream-acute_v1.3.txt	142919	YayLC63yqfsDjNAt5ECvKQ==	20260624_162426
gs://motrpac-data-hub/analysis/human-precovid-sed-adu/v1.3/metabolomics-targeted/da/human-precovid-sed-adu_t10-muscle_metab-t-amines_da_dream-acute_v1.3.txt	286444	AFXyQngAXrUH3iZqdD153w==	20260624_162426
gs://motrpac-data-hub/analysis/human-precovid-sed-adu/v1.3/metabolomics-targeted/da/human-precovid-sed-adu_t10-muscle_metab-t-nuc_da_dream-acute_v1.3.txt	219546	DooPQqk3R1UlEUTb1dkzJw==	20260624_162426
gs://motrpac-data-hub/analysis/human-precovid-sed-adu/v1.3/metabolomics-targeted/da/human-precovid-sed-adu_t10-muscle_metab-t-oxylipneg_da_dream-acute_v1.3.txt	93775	3kwIo5DtjYqj20h3GriKSA==	20260624_162426
gs://motrpac-data-hub/analysis/human-precovid-sed-adu/v1.3/metabolomics-targeted/da/human-precovid-sed-adu_t10-muscle_metab-t-tca_da_dream-acute_v1.3.txt	91788	hwCa5ng+rb8k5HUHTXPdCA==	20260624_162426
gs://motrpac-data-hub/analysis/human-precovid-sed-adu/v1.3/metabolomics-targeted/da/human-precovid-sed-adu_t11-adipose_metab-t-acoa_da_dream-acute_v1.3.txt	291254	CVgz+ORdfxiSEBwknBcttg==	20260624_162426
gs://motrpac-data-hub/analysis/human-precovid-sed-adu/v1.3/metabolomics-targeted/da/human-precovid-sed-adu_t11-adipose_metab-t-amines_da_dream-acute_v1.3.txt	210483	eIEXwq2gc7+mmDdlEtAAzQ==	20260624_162426
gs://motrpac-data-hub/analysis/human-precovid-sed-adu/v1.3/metabolomics-targeted/da/human-precovid-sed-adu_t11-adipose_metab-t-ka_da_dream-acute_v1.3.txt	25347	r9lIV6+F1QkZkPMWi/mzcA==	20260624_162426
gs://motrpac-data-hub/analysis/human-precovid-sed-adu/v1.3/metabolomics-targeted/da/human-precovid-sed-adu_t11-adipose_metab-t-nuc_da_dream-acute_v1.3.txt	204995	NoDgL63de2kfP1UazTt1sA==	20260624_162426
gs://motrpac-data-hub/analysis/human-precovid-sed-adu/v1.3/metabolomics-targeted/da/human-precovid-sed-adu_t11-adipose_metab-t-oxylipneg_da_dream-acute_v1.3.txt	68463	fla0iS5fJ+7H0qEQGYIbJw==	20260624_162426
gs://motrpac-data-hub/analysis/human-precovid-sed-adu/v1.3/metabolomics-targeted/da/human-precovid-sed-adu_t11-adipose_metab-t-tca_da_dream-acute_v1.3.txt	75601	ql5InEdCGp+ZSYcUwu38Jw==	20260624_162426
gs://motrpac-data-hub/analysis/human-precovid-sed-adu/v1.3/metabolomics-targeted/metadata/human-precovid-sed-adu_t02-plasma_metab-t-amines_metadata_features_v1.3.txt	1878	U9DpDmGaqmVcpF+p/moQ6g==	20260624_162426
gs://motrpac-data-hub/analysis/human-precovid-sed-adu/v1.3/metabolomics-targeted/metadata/human-precovid-sed-adu_t02-plasma_metab-t-amines_metadata_samples_v1.3.txt	887454	1vORQ6EWveHAJwMjHtq5EA==	20260624_162426
gs://motrpac-data-hub/analysis/human-precovid-sed-adu/v1.3/metabolomics-targeted/metadata/human-precovid-sed-adu_t02-plasma_metab-t-conv_metadata_features_v1.3.txt	209	XBsBr6dULNEFkKG8HRAZ0Q==	20260624_162426
gs://motrpac-data-hub/analysis/human-precovid-sed-adu/v1.3/metabolomics-targeted/metadata/human-precovid-sed-adu_t02-plasma_metab-t-conv_metadata_samples_v1.3.txt	887361	ZD09PvlGSYzS/QWPq+oayg==	20260624_162426
gs://motrpac-data-hub/analysis/human-precovid-sed-adu/v1.3/metabolomics-targeted/metadata/human-precovid-sed-adu_t02-plasma_metab-t-imm-crt_metadata_features_v1.3.txt	84	EUCRhFxAZjqNpMQPbVW5cg==	20260624_162426
gs://motrpac-data-hub/analysis/human-precovid-sed-adu/v1.3/metabolomics-targeted/metadata/human-precovid-sed-adu_t02-plasma_metab-t-imm-crt_metadata_samples_v1.3.txt	886491	1jPvUNWiZWSb7H1JcL6RPw==	20260624_162426
gs://motrpac-data-hub/analysis/human-precovid-sed-adu/v1.3/metabolomics-targeted/metadata/human-precovid-sed-adu_t02-plasma_metab-t-oxylipneg_metadata_features_v1.3.txt	277	6EAXX0ii4ARTIKn9NW7bSg==	20260624_162426
gs://motrpac-data-hub/analysis/human-precovid-sed-adu/v1.3/metabolomics-targeted/metadata/human-precovid-sed-adu_t02-plasma_metab-t-oxylipneg_metadata_removed-samples_v1.3.txt	109	J9zk2MILPNzV0Yjw37VwxQ==	20260624_162426
gs://motrpac-data-hub/analysis/human-precovid-sed-adu/v1.3/metabolomics-targeted/metadata/human-precovid-sed-adu_t02-plasma_metab-t-oxylipneg_metadata_samples_v1.3.txt	891493	Bx+XBRe+K3zpMihcOPwUvg==	20260624_162426
gs://motrpac-data-hub/analysis/human-precovid-sed-adu/v1.3/metabolomics-targeted/metadata/human-precovid-sed-adu_t02-plasma_metab-t-tca_metadata_features_v1.3.txt	533	sSC16mNPeyfAmpRRondryg==	20260624_162426
gs://motrpac-data-hub/analysis/human-precovid-sed-adu/v1.3/metabolomics-targeted/metadata/human-precovid-sed-adu_t02-plasma_metab-t-tca_metadata_samples_v1.3.txt	887517	MqSvWMcc7f6CB1xG7WqP8Q==	20260624_162426
gs://motrpac-data-hub/analysis/human-precovid-sed-adu/v1.3/metabolomics-targeted/metadata/human-precovid-sed-adu_t10-muscle_metab-t-amines_metadata_features_v1.3.txt	1709	akDq6R9UqpzM8+ORJHclZQ==	20260624_162426
gs://motrpac-data-hub/analysis/human-precovid-sed-adu/v1.3/metabolomics-targeted/metadata/human-precovid-sed-adu_t10-muscle_metab-t-amines_metadata_samples_v1.3.txt	357301	K5mqtpWxb2RpWEhzFz4Nbw==	20260624_162426
gs://motrpac-data-hub/analysis/human-precovid-sed-adu/v1.3/metabolomics-targeted/metadata/human-precovid-sed-adu_t10-muscle_metab-t-nuc_metadata_features_v1.3.txt	1129	Pr6TY6K5IPwdTwU96ZGaoA==	20260624_162426
gs://motrpac-data-hub/analysis/human-precovid-sed-adu/v1.3/metabolomics-targeted/metadata/human-precovid-sed-adu_t10-muscle_metab-t-nuc_metadata_removed-samples_v1.3.txt	92	6hQ/qXOvB0DugKocxqZB+w==	20260624_162426
gs://motrpac-data-hub/analysis/human-precovid-sed-adu/v1.3/metabolomics-targeted/metadata/human-precovid-sed-adu_t10-muscle_metab-t-nuc_metadata_samples_v1.3.txt	367284	CLlJmztEaRKiRYI45usIyw==	20260624_162426
gs://motrpac-data-hub/analysis/human-precovid-sed-adu/v1.3/metabolomics-targeted/metadata/human-precovid-sed-adu_t10-muscle_metab-t-oxylipneg_metadata_features_v1.3.txt	1178	rrm6UgKfKAqAymvP5yHcZw==	20260624_162426
gs://motrpac-data-hub/analysis/human-precovid-sed-adu/v1.3/metabolomics-targeted/metadata/human-precovid-sed-adu_t10-muscle_metab-t-oxylipneg_metadata_removed-samples_v1.3.txt	561	jRVA3lhiRLxFYIgRJkCaDA==	20260624_162426
gs://motrpac-data-hub/analysis/human-precovid-sed-adu/v1.3/metabolomics-targeted/metadata/human-precovid-sed-adu_t10-muscle_metab-t-oxylipneg_metadata_samples_v1.3.txt	336244	yLunWOjCuqRq3la4NP2wQw==	20260624_162426
gs://motrpac-data-hub/analysis/human-precovid-sed-adu/v1.3/metabolomics-targeted/metadata/human-precovid-sed-adu_t10-muscle_metab-t-tca_metadata_features_v1.3.txt	533	9rpdBdSY2DkEk10jboomJg==	20260624_162426
gs://motrpac-data-hub/analysis/human-precovid-sed-adu/v1.3/metabolomics-targeted/metadata/human-precovid-sed-adu_t10-muscle_metab-t-tca_metadata_samples_v1.3.txt	357326	GvWABhvibn6Jg4401t86Wg==	20260624_162426
gs://motrpac-data-hub/analysis/human-precovid-sed-adu/v1.3/metabolomics-targeted/metadata/human-precovid-sed-adu_t11-adipose_metab-t-acoa_metadata_features_v1.3.txt	1724	yjTlHs0fveg+9Qd3PqGhrQ==	20260624_162426
gs://motrpac-data-hub/analysis/human-precovid-sed-adu/v1.3/metabolomics-targeted/metadata/human-precovid-sed-adu_t11-adipose_metab-t-acoa_metadata_removed-samples_v1.3.txt	498	aX/7+sRs51d6IpC1hWzuNQ==	20260624_162426
gs://motrpac-data-hub/analysis/human-precovid-sed-adu/v1.3/metabolomics-targeted/metadata/human-precovid-sed-adu_t11-adipose_metab-t-acoa_metadata_samples_v1.3.txt	312992	0/6bErxRRMoYF7s/NHLyCg==	20260624_162426
gs://motrpac-data-hub/analysis/human-precovid-sed-adu/v1.3/metabolomics-targeted/metadata/human-precovid-sed-adu_t11-adipose_metab-t-amines_metadata_features_v1.3.txt	1619	lImsEyc2hVikweeDx0CUBg==	20260624_162426
gs://motrpac-data-hub/analysis/human-precovid-sed-adu/v1.3/metabolomics-targeted/metadata/human-precovid-sed-adu_t11-adipose_metab-t-amines_metadata_removed-samples_v1.3.txt	242	31UxhmOMqW7IQQvEYaEnDA==	20260624_162426
gs://motrpac-data-hub/analysis/human-precovid-sed-adu/v1.3/metabolomics-targeted/metadata/human-precovid-sed-adu_t11-adipose_metab-t-amines_metadata_samples_v1.3.txt	313790	NBs/ipafMGFJGZ1PlvdA/w==	20260624_162426
gs://motrpac-data-hub/analysis/human-precovid-sed-adu/v1.3/metabolomics-targeted/metadata/human-precovid-sed-adu_t11-adipose_metab-t-ka_metadata_features_v1.3.txt	192	JkZM17fumVhNaERii64toQ==	20260624_162426
gs://motrpac-data-hub/analysis/human-precovid-sed-adu/v1.3/metabolomics-targeted/metadata/human-precovid-sed-adu_t11-adipose_metab-t-ka_metadata_samples_v1.3.txt	326397	M76b5DuMDAUbn45qi9tBYA==	20260624_162426
gs://motrpac-data-hub/analysis/human-precovid-sed-adu/v1.3/metabolomics-targeted/metadata/human-precovid-sed-adu_t11-adipose_metab-t-nuc_metadata_features_v1.3.txt	1055	qa7tcfZC9vgVztM4G/nDew==	20260624_162426
gs://motrpac-data-hub/analysis/human-precovid-sed-adu/v1.3/metabolomics-targeted/metadata/human-precovid-sed-adu_t11-adipose_metab-t-nuc_metadata_samples_v1.3.txt	332858	w7fj0TVEtV6G1iJLf3UeMg==	20260624_162426
gs://motrpac-data-hub/analysis/human-precovid-sed-adu/v1.3/metabolomics-targeted/metadata/human-precovid-sed-adu_t11-adipose_metab-t-oxylipneg_metadata_features_v1.3.txt	713	hgGiAUnYDDaedegap1DKrQ==	20260624_162426
gs://motrpac-data-hub/analysis/human-precovid-sed-adu/v1.3/metabolomics-targeted/metadata/human-precovid-sed-adu_t11-adipose_metab-t-oxylipneg_metadata_removed-samples_v1.3.txt	653	+kE3+PIzqt2a3/BDZhrPnQ==	20260624_162426
gs://motrpac-data-hub/analysis/human-precovid-sed-adu/v1.3/metabolomics-targeted/metadata/human-precovid-sed-adu_t11-adipose_metab-t-oxylipneg_metadata_samples_v1.3.txt	327299	bb0BwiH0Rw+pNQvjiS/M1g==	20260624_162426
gs://motrpac-data-hub/analysis/human-precovid-sed-adu/v1.3/metabolomics-targeted/metadata/human-precovid-sed-adu_t11-adipose_metab-t-tca_metadata_features_v1.3.txt	487	/edlwAsIFhEJo9TfDgWSAQ==	20260624_162426
gs://motrpac-data-hub/analysis/human-precovid-sed-adu/v1.3/metabolomics-targeted/metadata/human-precovid-sed-adu_t11-adipose_metab-t-tca_metadata_removed-samples_v1.3.txt	619	eAD1jvjHottCAOk+pRzBng==	20260624_162426
gs://motrpac-data-hub/analysis/human-precovid-sed-adu/v1.3/metabolomics-targeted/metadata/human-precovid-sed-adu_t11-adipose_metab-t-tca_metadata_samples_v1.3.txt	296998	dDHBQL4xVaxQI2WkuZAEEg==	20260624_162426
gs://motrpac-data-hub/analysis/human-precovid-sed-adu/v1.3/metabolomics-targeted/qc-norm/human-precovid-sed-adu_t02-plasma_metab-t-amines_qc-norm_log2_v1.3.txt	662459	fpg/m5Kf/6LU0imhBJiH0A==	20260624_162426
gs://motrpac-data-hub/analysis/human-precovid-sed-adu/v1.3/metabolomics-targeted/qc-norm/human-precovid-sed-adu_t02-plasma_metab-t-conv_qc-norm_log2_v1.3.txt	99694	B1XWF9Ka23zCCPs9PbT6zA==	20260624_162426
gs://motrpac-data-hub/analysis/human-precovid-sed-adu/v1.3/metabolomics-targeted/qc-norm/human-precovid-sed-adu_t02-plasma_metab-t-imm-crt_qc-norm_log2_v1.3.txt	29786	w1WJvJOiWKJu3C/MQ2x9fw==	20260624_162426
gs://motrpac-data-hub/analysis/human-precovid-sed-adu/v1.3/metabolomics-targeted/qc-norm/human-precovid-sed-adu_t02-plasma_metab-t-oxylipneg_qc-norm_log2_v1.3.txt	112761	mTlH8K1MQu9nKxbflHGdkg==	20260624_162426
gs://motrpac-data-hub/analysis/human-precovid-sed-adu/v1.3/metabolomics-targeted/qc-norm/human-precovid-sed-adu_t02-plasma_metab-t-tca_qc-norm_log2_v1.3.txt	205263	JAaC0JDaEPST5UEggATMww==	20260624_162426
gs://motrpac-data-hub/analysis/human-precovid-sed-adu/v1.3/metabolomics-targeted/qc-norm/human-precovid-sed-adu_t10-muscle_metab-t-amines_qc-norm_log2_v1.3.txt	262695	oVQWsgxmofMUbb9Crltpvw==	20260624_162426
gs://motrpac-data-hub/analysis/human-precovid-sed-adu/v1.3/metabolomics-targeted/qc-norm/human-precovid-sed-adu_t10-muscle_metab-t-nuc_qc-norm_log2_v1.3.txt	210118	RFqZkmbAG+8YhyOoV+P1og==	20260624_162426
gs://motrpac-data-hub/analysis/human-precovid-sed-adu/v1.3/metabolomics-targeted/qc-norm/human-precovid-sed-adu_t10-muscle_metab-t-oxylipneg_qc-norm_log2_v1.3.txt	187262	dq1LJ7H3gvztlpTFDq8R3w==	20260624_162426
gs://motrpac-data-hub/analysis/human-precovid-sed-adu/v1.3/metabolomics-targeted/qc-norm/human-precovid-sed-adu_t10-muscle_metab-t-tca_qc-norm_log2_v1.3.txt	89360	SUbZk7XOu29buVAv8Oyt6Q==	20260624_162426
gs://motrpac-data-hub/analysis/human-precovid-sed-adu/v1.3/metabolomics-targeted/qc-norm/human-precovid-sed-adu_t11-adipose_metab-t-acoa_qc-norm_log2_v1.3.txt	253592	vMmZH9zu2xMAOWKGRmwKXw==	20260624_162426
gs://motrpac-data-hub/analysis/human-precovid-sed-adu/v1.3/metabolomics-targeted/qc-norm/human-precovid-sed-adu_t11-adipose_metab-t-amines_qc-norm_log2_v1.3.txt	234217	GvG8q5xnDrGvXuiFb9Yc/g==	20260624_162426
gs://motrpac-data-hub/analysis/human-precovid-sed-adu/v1.3/metabolomics-targeted/qc-norm/human-precovid-sed-adu_t11-adipose_metab-t-ka_qc-norm_log2_v1.3.txt	25928	98EDIQOC79ICS2ktBiEQuQ==	20260624_162426
gs://motrpac-data-hub/analysis/human-precovid-sed-adu/v1.3/metabolomics-targeted/qc-norm/human-precovid-sed-adu_t11-adipose_metab-t-nuc_qc-norm_log2_v1.3.txt	184425	wM8I+nD2bGiRdsDiNNuHIw==	20260624_162426
gs://motrpac-data-hub/analysis/human-precovid-sed-adu/v1.3/metabolomics-targeted/qc-norm/human-precovid-sed-adu_t11-adipose_metab-t-oxylipneg_qc-norm_log2_v1.3.txt	113791	D5LhEiv+tu6CEr4yqziVKg==	20260624_162426
gs://motrpac-data-hub/analysis/human-precovid-sed-adu/v1.3/metabolomics-targeted/qc-norm/human-precovid-sed-adu_t11-adipose_metab-t-tca_qc-norm_log2_v1.3.txt	78953	VKTRAzDq7zXVKk1CPa9j9Q==	20260624_162426
gs://motrpac-data-hub/analysis/human-precovid-sed-adu/v1.3/metabolomics-untargeted/da/human-precovid-sed-adu_t02-plasma_metab-u-hilicpos_da_dream-acute_v1.3.txt	4889571	IHxRMy1trMTLa6jitYganw==	20260624_162426
gs://motrpac-data-hub/analysis/human-precovid-sed-adu/v1.3/metabolomics-untargeted/da/human-precovid-sed-adu_t02-plasma_metab-u-ionpneg_da_dream-acute_v1.3.txt	845091	rLK+JGxVK3glZPw9dT16Pg==	20260624_162426
gs://motrpac-data-hub/analysis/human-precovid-sed-adu/v1.3/metabolomics-untargeted/da/human-precovid-sed-adu_t02-plasma_metab-u-lrpneg_da_dream-acute_v1.3.txt	3821182	438YICOnQRHwhXVmOH9TjQ==	20260624_162426
gs://motrpac-data-hub/analysis/human-precovid-sed-adu/v1.3/metabolomics-untargeted/da/human-precovid-sed-adu_t02-plasma_metab-u-lrppos_da_dream-acute_v1.3.txt	8795962	8K69ydOQQcaUy/SrUbsYNQ==	20260624_162426
gs://motrpac-data-hub/analysis/human-precovid-sed-adu/v1.3/metabolomics-untargeted/da/human-precovid-sed-adu_t02-plasma_metab-u-rpneg_da_dream-acute_v1.3.txt	1430632	ksqAyrO4SWaJeskOPveBDA==	20260624_162426
gs://motrpac-data-hub/analysis/human-precovid-sed-adu/v1.3/metabolomics-untargeted/da/human-precovid-sed-adu_t02-plasma_metab-u-rppos_da_dream-acute_v1.3.txt	2599040	Oyjy1WFE2ysLwdvKhCmlPA==	20260624_162426
gs://motrpac-data-hub/analysis/human-precovid-sed-adu/v1.3/metabolomics-untargeted/da/human-precovid-sed-adu_t06-muscle_metab-u-hilicpos_da_dream-acute_v1.3.txt	3031921	UgX1bZCq5AHycGAIGmJbEA==	20260624_162426
gs://motrpac-data-hub/analysis/human-precovid-sed-adu/v1.3/metabolomics-untargeted/da/human-precovid-sed-adu_t06-muscle_metab-u-ionpneg_da_dream-acute_v1.3.txt	618566	FSMXpd6ClqYTv0AIMUomcg==	20260624_162426
gs://motrpac-data-hub/analysis/human-precovid-sed-adu/v1.3/metabolomics-untargeted/da/human-precovid-sed-adu_t06-muscle_metab-u-rpneg_da_dream-acute_v1.3.txt	766674	WJ3HNPzn0t5HVw6F1+c3lA==	20260624_162426
gs://motrpac-data-hub/analysis/human-precovid-sed-adu/v1.3/metabolomics-untargeted/da/human-precovid-sed-adu_t06-muscle_metab-u-rppos_da_dream-acute_v1.3.txt	1457959	DEnjffLXDoga6iYz+phfaw==	20260624_162426
gs://motrpac-data-hub/analysis/human-precovid-sed-adu/v1.3/metabolomics-untargeted/da/human-precovid-sed-adu_t10-muscle_metab-u-lrpneg_da_dream-acute_v1.3.txt	1881535	WNZIokz9p5o8J08ACse1bQ==	20260624_162426
gs://motrpac-data-hub/analysis/human-precovid-sed-adu/v1.3/metabolomics-untargeted/da/human-precovid-sed-adu_t10-muscle_metab-u-lrppos_da_dream-acute_v1.3.txt	3129697	yz9iEH3s5Il2Ubj5wYo/tA==	20260624_162426
gs://motrpac-data-hub/analysis/human-precovid-sed-adu/v1.3/metabolomics-untargeted/da/human-precovid-sed-adu_t11-adipose_metab-u-hilicpos_da_dream-acute_v1.3.txt	2097572	0hk/4EVyqAQAojdJ74RCrg==	20260624_162426
gs://motrpac-data-hub/analysis/human-precovid-sed-adu/v1.3/metabolomics-untargeted/da/human-precovid-sed-adu_t11-adipose_metab-u-ionpneg_da_dream-acute_v1.3.txt	493605	KTmFImy4gtTRYij5yj0bLQ==	20260624_162426
gs://motrpac-data-hub/analysis/human-precovid-sed-adu/v1.3/metabolomics-untargeted/da/human-precovid-sed-adu_t11-adipose_metab-u-lrpneg_da_dream-acute_v1.3.txt	917271	HXwhKv3935A/mVARyHeJNA==	20260624_162426
gs://motrpac-data-hub/analysis/human-precovid-sed-adu/v1.3/metabolomics-untargeted/da/human-precovid-sed-adu_t11-adipose_metab-u-lrppos_da_dream-acute_v1.3.txt	1782431	vUlFwIH9Ne9d60xCK/3yQA==	20260624_162426
gs://motrpac-data-hub/analysis/human-precovid-sed-adu/v1.3/metabolomics-untargeted/da/human-precovid-sed-adu_t11-adipose_metab-u-rpneg_da_dream-acute_v1.3.txt	586752	vTHzFQpBJQJhinQY5Uuabw==	20260624_162426
gs://motrpac-data-hub/analysis/human-precovid-sed-adu/v1.3/metabolomics-untargeted/da/human-precovid-sed-adu_t11-adipose_metab-u-rppos_da_dream-acute_v1.3.txt	1203171	3V4+qn+MpYKTVMpEi1oFXg==	20260624_162426
gs://motrpac-data-hub/analysis/human-precovid-sed-adu/v1.3/metabolomics-untargeted/metadata/human-precovid-sed-adu_t02-plasma_metab-u-hilicpos_metadata_features_v1.3.txt	157856	3ssAZqZfa9QmRZ4QJiVfDQ==	20260624_162426
gs://motrpac-data-hub/analysis/human-precovid-sed-adu/v1.3/metabolomics-untargeted/metadata/human-precovid-sed-adu_t02-plasma_metab-u-hilicpos_metadata_samples_v1.3.txt	888484	I+SJXCsXDU73vNTP0zudKA==	20260624_162426
gs://motrpac-data-hub/analysis/human-precovid-sed-adu/v1.3/metabolomics-untargeted/metadata/human-precovid-sed-adu_t02-plasma_metab-u-ionpneg_metadata_features_v1.3.txt	73468	Q5a1t2d/gxSfJpgXU44CkA==	20260624_162426
gs://motrpac-data-hub/analysis/human-precovid-sed-adu/v1.3/metabolomics-untargeted/metadata/human-precovid-sed-adu_t02-plasma_metab-u-ionpneg_metadata_samples_v1.3.txt	873139	U7DWyAGIhC3cqMu8odJdQw==	20260624_162426
gs://motrpac-data-hub/analysis/human-precovid-sed-adu/v1.3/metabolomics-untargeted/metadata/human-precovid-sed-adu_t02-plasma_metab-u-lrpneg_metadata_features_v1.3.txt	326861	Bqc6MPqHDg9HSJSaWmc69w==	20260624_162426
gs://motrpac-data-hub/analysis/human-precovid-sed-adu/v1.3/metabolomics-untargeted/metadata/human-precovid-sed-adu_t02-plasma_metab-u-lrpneg_metadata_samples_v1.3.txt	886534	h7kpGgQyINSV2leJq+xPLw==	20260624_162426
gs://motrpac-data-hub/analysis/human-precovid-sed-adu/v1.3/metabolomics-untargeted/metadata/human-precovid-sed-adu_t02-plasma_metab-u-lrppos_metadata_features_v1.3.txt	145001	nARcl10vOvaN4jQmmW0lRQ==	20260624_162426
gs://motrpac-data-hub/analysis/human-precovid-sed-adu/v1.3/metabolomics-untargeted/metadata/human-precovid-sed-adu_t02-plasma_metab-u-lrppos_metadata_samples_v1.3.txt	885694	3RY10e1ZhcEORI31SPYakg==	20260624_162426
gs://motrpac-data-hub/analysis/human-precovid-sed-adu/v1.3/metabolomics-untargeted/metadata/human-precovid-sed-adu_t02-plasma_metab-u-rpneg_metadata_features_v1.3.txt	136449	U3WksQ2uMKCpvJFCf8f8lA==	20260624_162426
gs://motrpac-data-hub/analysis/human-precovid-sed-adu/v1.3/metabolomics-untargeted/metadata/human-precovid-sed-adu_t02-plasma_metab-u-rpneg_metadata_removed-samples_v1.3.txt	99	99977DjcsyXxsLwQkU02rQ==	20260624_162426
gs://motrpac-data-hub/analysis/human-precovid-sed-adu/v1.3/metabolomics-untargeted/metadata/human-precovid-sed-adu_t02-plasma_metab-u-rpneg_metadata_samples_v1.3.txt	876781	ZLRHY+uFbCXVrYeoGoeVaA==	20260624_162426
gs://motrpac-data-hub/analysis/human-precovid-sed-adu/v1.3/metabolomics-untargeted/metadata/human-precovid-sed-adu_t02-plasma_metab-u-rppos_metadata_features_v1.3.txt	102410	vWRLV9rRfBbQmlLOwPHIvQ==	20260624_162426
gs://motrpac-data-hub/analysis/human-precovid-sed-adu/v1.3/metabolomics-untargeted/metadata/human-precovid-sed-adu_t02-plasma_metab-u-rppos_metadata_removed-samples_v1.3.txt	169	P9EUoGGkOoFVlPqJAXueCQ==	20260624_162426
gs://motrpac-data-hub/analysis/human-precovid-sed-adu/v1.3/metabolomics-untargeted/metadata/human-precovid-sed-adu_t02-plasma_metab-u-rppos_metadata_samples_v1.3.txt	876491	Zd1KGl6Zzsgxu3FUXEMdTg==	20260624_162426
gs://motrpac-data-hub/analysis/human-precovid-sed-adu/v1.3/metabolomics-untargeted/metadata/human-precovid-sed-adu_t06-muscle_metab-u-hilicpos_metadata_features_v1.3.txt	314385	uQznWxlbpOMg4BMgOL4LxQ==	20260624_162426
gs://motrpac-data-hub/analysis/human-precovid-sed-adu/v1.3/metabolomics-untargeted/metadata/human-precovid-sed-adu_t06-muscle_metab-u-hilicpos_metadata_removed-samples_v1.3.txt	177	b9gtLFdh4bDX14uG+uNnYA==	20260624_162426
gs://motrpac-data-hub/analysis/human-precovid-sed-adu/v1.3/metabolomics-untargeted/metadata/human-precovid-sed-adu_t06-muscle_metab-u-hilicpos_metadata_samples_v1.3.txt	403851	Tda/oXW8cA0+kLcLknWY3A==	20260624_162426
gs://motrpac-data-hub/analysis/human-precovid-sed-adu/v1.3/metabolomics-untargeted/metadata/human-precovid-sed-adu_t06-muscle_metab-u-ionpneg_metadata_features_v1.3.txt	116779	GETxRWME/MJN8uWGMsN+Jg==	20260624_162426
gs://motrpac-data-hub/analysis/human-precovid-sed-adu/v1.3/metabolomics-untargeted/metadata/human-precovid-sed-adu_t06-muscle_metab-u-ionpneg_metadata_samples_v1.3.txt	398671	BxzMk38R1fJzVo8HZQMu6w==	20260624_162426
gs://motrpac-data-hub/analysis/human-precovid-sed-adu/v1.3/metabolomics-untargeted/metadata/human-precovid-sed-adu_t06-muscle_metab-u-rpneg_metadata_features_v1.3.txt	130549	r5G+VQiIFOWemq9eNgPtCg==	20260624_162426
gs://motrpac-data-hub/analysis/human-precovid-sed-adu/v1.3/metabolomics-untargeted/metadata/human-precovid-sed-adu_t06-muscle_metab-u-rpneg_metadata_samples_v1.3.txt	398594	W6fLD0kn52mRqRhP+F6JBw==	20260624_162426
gs://motrpac-data-hub/analysis/human-precovid-sed-adu/v1.3/metabolomics-untargeted/metadata/human-precovid-sed-adu_t06-muscle_metab-u-rppos_metadata_features_v1.3.txt	201821	QEQ6C8BoW1UWYtgLxPDRPQ==	20260624_162426
gs://motrpac-data-hub/analysis/human-precovid-sed-adu/v1.3/metabolomics-untargeted/metadata/human-precovid-sed-adu_t06-muscle_metab-u-rppos_metadata_samples_v1.3.txt	398619	QsjAOEYOl9ZhqjWQv4sNvw==	20260624_162426
gs://motrpac-data-hub/analysis/human-precovid-sed-adu/v1.3/metabolomics-untargeted/metadata/human-precovid-sed-adu_t10-muscle_metab-u-lrpneg_metadata_features_v1.3.txt	67359	kDNnJ4FoAudG5bSvnXeBFg==	20260624_162426
gs://motrpac-data-hub/analysis/human-precovid-sed-adu/v1.3/metabolomics-untargeted/metadata/human-precovid-sed-adu_t10-muscle_metab-u-lrpneg_metadata_removed-samples_v1.3.txt	101	O+rdPy8uIx2vrtgJVwxiEQ==	20260624_162426
gs://motrpac-data-hub/analysis/human-precovid-sed-adu/v1.3/metabolomics-untargeted/metadata/human-precovid-sed-adu_t10-muscle_metab-u-lrpneg_metadata_samples_v1.3.txt	378268	6PHSdYals722SeOljoHojw==	20260624_162426
gs://motrpac-data-hub/analysis/human-precovid-sed-adu/v1.3/metabolomics-untargeted/metadata/human-precovid-sed-adu_t10-muscle_metab-u-lrppos_metadata_features_v1.3.txt	101665	wmbUGSNsBnOCjFlXJ/3pPw==	20260624_162426
gs://motrpac-data-hub/analysis/human-precovid-sed-adu/v1.3/metabolomics-untargeted/metadata/human-precovid-sed-adu_t10-muscle_metab-u-lrppos_metadata_removed-samples_v1.3.txt	101	3qalCpqmF28aWuw8nWPEcg==	20260624_162426
gs://motrpac-data-hub/analysis/human-precovid-sed-adu/v1.3/metabolomics-untargeted/metadata/human-precovid-sed-adu_t10-muscle_metab-u-lrppos_metadata_samples_v1.3.txt	377416	Z90gLmZNmiw9U5OXzJKAFw==	20260624_162426
gs://motrpac-data-hub/analysis/human-precovid-sed-adu/v1.3/metabolomics-untargeted/metadata/human-precovid-sed-adu_t11-adipose_metab-u-hilicpos_metadata_features_v1.3.txt	168171	ZCFFwnvjxNkerzrlahAXOQ==	20260624_162426
gs://motrpac-data-hub/analysis/human-precovid-sed-adu/v1.3/metabolomics-untargeted/metadata/human-precovid-sed-adu_t11-adipose_metab-u-hilicpos_metadata_samples_v1.3.txt	335366	7aEoP0Jy3yGCpcp+1njvaw==	20260624_162426
gs://motrpac-data-hub/analysis/human-precovid-sed-adu/v1.3/metabolomics-untargeted/metadata/human-precovid-sed-adu_t11-adipose_metab-u-ionpneg_metadata_features_v1.3.txt	97245	HXjxVaDk3N2U4KJxAQJ6ng==	20260624_162426
gs://motrpac-data-hub/analysis/human-precovid-sed-adu/v1.3/metabolomics-untargeted/metadata/human-precovid-sed-adu_t11-adipose_metab-u-ionpneg_metadata_samples_v1.3.txt	324300	XyeCQn3/csgeTOp3wRCfTg==	20260624_162426
gs://motrpac-data-hub/analysis/human-precovid-sed-adu/v1.3/metabolomics-untargeted/metadata/human-precovid-sed-adu_t11-adipose_metab-u-lrpneg_metadata_features_v1.3.txt	66258	1chiIo+bOceJOyrKggE3cA==	20260624_162426
gs://motrpac-data-hub/analysis/human-precovid-sed-adu/v1.3/metabolomics-untargeted/metadata/human-precovid-sed-adu_t11-adipose_metab-u-lrpneg_metadata_removed-samples_v1.3.txt	182	HmKdLlclTlVcY2/BbqcCCw==	20260624_162426
gs://motrpac-data-hub/analysis/human-precovid-sed-adu/v1.3/metabolomics-untargeted/metadata/human-precovid-sed-adu_t11-adipose_metab-u-lrpneg_metadata_samples_v1.3.txt	333711	vwQbHVYykgIaX39tEzFlIw==	20260624_162426
gs://motrpac-data-hub/analysis/human-precovid-sed-adu/v1.3/metabolomics-untargeted/metadata/human-precovid-sed-adu_t11-adipose_metab-u-lrppos_metadata_features_v1.3.txt	54023	rbLSTUrU4RQes/ZA4FSEuA==	20260624_162426
gs://motrpac-data-hub/analysis/human-precovid-sed-adu/v1.3/metabolomics-untargeted/metadata/human-precovid-sed-adu_t11-adipose_metab-u-lrppos_metadata_removed-samples_v1.3.txt	108	lcz6ul8xKpxIAn7551kS1w==	20260624_162426
gs://motrpac-data-hub/analysis/human-precovid-sed-adu/v1.3/metabolomics-untargeted/metadata/human-precovid-sed-adu_t11-adipose_metab-u-lrppos_metadata_samples_v1.3.txt	334528	2isRQC1TESbX42oMJ+1wYg==	20260624_162426
gs://motrpac-data-hub/analysis/human-precovid-sed-adu/v1.3/metabolomics-untargeted/metadata/human-precovid-sed-adu_t11-adipose_metab-u-rpneg_metadata_features_v1.3.txt	86753	tzY7U0ORErsCWVRqs0NWkw==	20260624_162426
gs://motrpac-data-hub/analysis/human-precovid-sed-adu/v1.3/metabolomics-untargeted/metadata/human-precovid-sed-adu_t11-adipose_metab-u-rpneg_metadata_samples_v1.3.txt	318449	/SQJATY9r2abydFf6QQQkw==	20260624_162426
gs://motrpac-data-hub/analysis/human-precovid-sed-adu/v1.3/metabolomics-untargeted/metadata/human-precovid-sed-adu_t11-adipose_metab-u-rppos_metadata_features_v1.3.txt	152298	Z0EvZ/Dz2O98Pl6dL+lI7w==	20260624_162426
gs://motrpac-data-hub/analysis/human-precovid-sed-adu/v1.3/metabolomics-untargeted/metadata/human-precovid-sed-adu_t11-adipose_metab-u-rppos_metadata_samples_v1.3.txt	318741	A7b2z2qwdKWGGOtyJClFsg==	20260624_162426
gs://motrpac-data-hub/analysis/human-precovid-sed-adu/v1.3/metabolomics-untargeted/qc-norm/human-precovid-sed-adu_t02-plasma_metab-u-hilicpos_qc-norm_log2_v1.3.txt	49893226	XLGSvFcQRP/0Prl/dRLAzw==	20260624_162426
gs://motrpac-data-hub/analysis/human-precovid-sed-adu/v1.3/metabolomics-untargeted/qc-norm/human-precovid-sed-adu_t02-plasma_metab-u-ionpneg_qc-norm_log2_v1.3.txt	23472591	6CwwAjLSHO135S9heK97pg==	20260624_162426
gs://motrpac-data-hub/analysis/human-precovid-sed-adu/v1.3/metabolomics-untargeted/qc-norm/human-precovid-sed-adu_t02-plasma_metab-u-lrpneg_qc-norm_log2_v1.3.txt	103994352	cnWXgluEqwVBHM60HNneaQ==	20260624_162426
gs://motrpac-data-hub/analysis/human-precovid-sed-adu/v1.3/metabolomics-untargeted/qc-norm/human-precovid-sed-adu_t02-plasma_metab-u-lrppos_qc-norm_log2_v1.3.txt	47274048	8XgKKEBjCRNBaT2x8Kuwxg==	20260624_162426
gs://motrpac-data-hub/analysis/human-precovid-sed-adu/v1.3/metabolomics-untargeted/qc-norm/human-precovid-sed-adu_t02-plasma_metab-u-rpneg_qc-norm_log2_v1.3.txt	43563375	XUi3tiiPdXCY0jxMnbZirQ==	20260624_162426
gs://motrpac-data-hub/analysis/human-precovid-sed-adu/v1.3/metabolomics-untargeted/qc-norm/human-precovid-sed-adu_t02-plasma_metab-u-rppos_qc-norm_log2_v1.3.txt	32686291	mREEeik7CmSBdD0QimqpUg==	20260624_162426
gs://motrpac-data-hub/analysis/human-precovid-sed-adu/v1.3/metabolomics-untargeted/qc-norm/human-precovid-sed-adu_t06-muscle_metab-u-hilicpos_qc-norm_log2_v1.3.txt	46454852	ODEEQvE4CK0iWnJkgBa6cQ==	20260624_162426
gs://motrpac-data-hub/analysis/human-precovid-sed-adu/v1.3/metabolomics-untargeted/qc-norm/human-precovid-sed-adu_t06-muscle_metab-u-ionpneg_qc-norm_log2_v1.3.txt	17782678	wSpgOBozsNpT4LRxRZKCCA==	20260624_162426
gs://motrpac-data-hub/analysis/human-precovid-sed-adu/v1.3/metabolomics-untargeted/qc-norm/human-precovid-sed-adu_t06-muscle_metab-u-rpneg_qc-norm_log2_v1.3.txt	19758988	/qO6g3b9wqjIfceUK6dXkg==	20260624_162426
gs://motrpac-data-hub/analysis/human-precovid-sed-adu/v1.3/metabolomics-untargeted/qc-norm/human-precovid-sed-adu_t06-muscle_metab-u-rppos_qc-norm_log2_v1.3.txt	30689450	V73/OWKV9Kng+ppWghtT6Q==	20260624_162426
gs://motrpac-data-hub/analysis/human-precovid-sed-adu/v1.3/metabolomics-untargeted/qc-norm/human-precovid-sed-adu_t10-muscle_metab-u-lrpneg_qc-norm_log2_v1.3.txt	9576345	HDcMSeJucxWcUJ3xyiQAWg==	20260624_162426
gs://motrpac-data-hub/analysis/human-precovid-sed-adu/v1.3/metabolomics-untargeted/qc-norm/human-precovid-sed-adu_t10-muscle_metab-u-lrppos_qc-norm_log2_v1.3.txt	14276355	k2uCVmFI+qrg1xlAVTub7g==	20260624_162426
gs://motrpac-data-hub/analysis/human-precovid-sed-adu/v1.3/metabolomics-untargeted/qc-norm/human-precovid-sed-adu_t11-adipose_metab-u-hilicpos_qc-norm_log2_v1.3.txt	20957508	qSJ4PYYH9Q7gAdkr2cyoaw==	20260624_162426
gs://motrpac-data-hub/analysis/human-precovid-sed-adu/v1.3/metabolomics-untargeted/qc-norm/human-precovid-sed-adu_t11-adipose_metab-u-ionpneg_qc-norm_log2_v1.3.txt	11916479	tTho5ZzOeViSPq+5X8PsQQ==	20260624_162426
gs://motrpac-data-hub/analysis/human-precovid-sed-adu/v1.3/metabolomics-untargeted/qc-norm/human-precovid-sed-adu_t11-adipose_metab-u-lrpneg_qc-norm_log2_v1.3.txt	8782811	alQjK1r80obU1p2cS9YtuQ==	20260624_162426
gs://motrpac-data-hub/analysis/human-precovid-sed-adu/v1.3/metabolomics-untargeted/qc-norm/human-precovid-sed-adu_t11-adipose_metab-u-lrppos_qc-norm_log2_v1.3.txt	6742115	3Jt9BD9nNqxamCY4CE7EXw==	20260624_162426
gs://motrpac-data-hub/analysis/human-precovid-sed-adu/v1.3/metabolomics-untargeted/qc-norm/human-precovid-sed-adu_t11-adipose_metab-u-rpneg_qc-norm_log2_v1.3.txt	10762141	qRxZIXJiH5RZCysR0GFDJA==	20260624_162426
gs://motrpac-data-hub/analysis/human-precovid-sed-adu/v1.3/metabolomics-untargeted/qc-norm/human-precovid-sed-adu_t11-adipose_metab-u-rppos_qc-norm_log2_v1.3.txt	18514626	3qYRg4arKqt25FgklkDekg==	20260624_162426
gs://motrpac-data-hub/analysis/human-precovid-sed-adu/v1.3/proteomics/da/human-precovid-sed-adu_t02-plasma_prot-ol_da_dream-acute_v1.2.txt	17445090	7VGsDgrHGnwn4IV6PeUUIA==	20260624_162426
gs://motrpac-data-hub/analysis/human-precovid-sed-adu/v1.3/proteomics/da/human-precovid-sed-adu_t07-adipose_prot-ph_da_dream-acute_v1.3.txt	28552838	oaoLAq+zn37nWgSNuulRiw==	20260624_162426
gs://motrpac-data-hub/analysis/human-precovid-sed-adu/v1.3/proteomics/da/human-precovid-sed-adu_t07-adipose_prot-pr_da_dream-acute_v1.3.txt	22809639	1aUWnhhU4Wav2CKKjEpnjg==	20260624_162426
gs://motrpac-data-hub/analysis/human-precovid-sed-adu/v1.3/proteomics/da/human-precovid-sed-adu_t10-muscle_prot-ph_da_dream-acute_v1.3.txt	142496969	WUtCM31HR3W+GkivRWBlfA==	20260624_162426
gs://motrpac-data-hub/analysis/human-precovid-sed-adu/v1.3/proteomics/da/human-precovid-sed-adu_t10-muscle_prot-pr_da_dream-acute_v1.3.txt	48462708	HJw3W7sWWZhg3ZNlf6xMhg==	20260624_162426
gs://motrpac-data-hub/analysis/human-precovid-sed-adu/v1.3/proteomics/metadata/human-precovid-sed-adu_t02-plasma_prot-ol_metadata_features_v1.2.txt	77200	tVNNaEtJWXICxfYE33itcw==	20260624_162426
gs://motrpac-data-hub/analysis/human-precovid-sed-adu/v1.3/proteomics/metadata/human-precovid-sed-adu_t02-plasma_prot-ol_metadata_removed-samples_v1.2.txt	97	K3eQbTrfX6XUhM6z87sh0Q==	20260624_162426
gs://motrpac-data-hub/analysis/human-precovid-sed-adu/v1.3/proteomics/metadata/human-precovid-sed-adu_t02-plasma_prot-ol_metadata_samples_v1.2.txt	15280	UiIqMItiCIWQrugpzwQYgQ==	20260624_162426
gs://motrpac-data-hub/analysis/human-precovid-sed-adu/v1.3/proteomics/metadata/human-precovid-sed-adu_t07-adipose_prot-ph_metadata_features_v1.2.txt	4264396	CdQZNVfeKTveDPReos3Lxg==	20260624_162426
gs://motrpac-data-hub/analysis/human-precovid-sed-adu/v1.3/proteomics/metadata/human-precovid-sed-adu_t07-adipose_prot-ph_metadata_qc-report_v1.2.html	3473491	g6UVQSd3ECrsm6RFlCpRyA==	20260624_162426
gs://motrpac-data-hub/analysis/human-precovid-sed-adu/v1.3/proteomics/metadata/human-precovid-sed-adu_t07-adipose_prot-ph_metadata_removed-samples_v1.2.txt	330	Jp8G2w+72JWwi84gPpaYhQ==	20260624_162426
gs://motrpac-data-hub/analysis/human-precovid-sed-adu/v1.3/proteomics/metadata/human-precovid-sed-adu_t07-adipose_prot-ph_metadata_samples_v1.2.txt	873	+0o+gp/JStbyR5OZw6bYNA==	20260624_162426
gs://motrpac-data-hub/analysis/human-precovid-sed-adu/v1.3/proteomics/metadata/human-precovid-sed-adu_t07-adipose_prot-pr_metadata_features_v1.2.txt	663249	ObgM+57qkAQcbGWsL7zJ5g==	20260624_162426
gs://motrpac-data-hub/analysis/human-precovid-sed-adu/v1.3/proteomics/metadata/human-precovid-sed-adu_t07-adipose_prot-pr_metadata_qc-report_v1.2.html	3410835	9qg8dHhP0LKrxO2SC7I0JQ==	20260624_162426
gs://motrpac-data-hub/analysis/human-precovid-sed-adu/v1.3/proteomics/metadata/human-precovid-sed-adu_t07-adipose_prot-pr_metadata_removed-samples_v1.2.txt	330	Jp8G2w+72JWwi84gPpaYhQ==	20260624_162426
gs://motrpac-data-hub/analysis/human-precovid-sed-adu/v1.3/proteomics/metadata/human-precovid-sed-adu_t07-adipose_prot-pr_metadata_samples_v1.2.txt	873	+0o+gp/JStbyR5OZw6bYNA==	20260624_162426
gs://motrpac-data-hub/analysis/human-precovid-sed-adu/v1.3/proteomics/metadata/human-precovid-sed-adu_t10-muscle_prot-ph_metadata_features_v1.2.txt	7372763	w+lOB0N06BJ68hKYTNbWrA==	20260624_162426
gs://motrpac-data-hub/analysis/human-precovid-sed-adu/v1.3/proteomics/metadata/human-precovid-sed-adu_t10-muscle_prot-ph_metadata_samples_v1.2.txt	9426	2RRS0TjmlLcR7uMRLmGj2A==	20260624_162426
gs://motrpac-data-hub/analysis/human-precovid-sed-adu/v1.3/proteomics/metadata/human-precovid-sed-adu_t10-muscle_prot-ph_qc-report_v1.2.html	13586009	ZX73TZJc6s6WsC+jeaYiXg==	20260624_162426
gs://motrpac-data-hub/analysis/human-precovid-sed-adu/v1.3/proteomics/metadata/human-precovid-sed-adu_t10-muscle_prot-pr_metadata_features_v1.2.txt	528955	S6RiKQ9Pwj+E18R9o875KA==	20260624_162426
gs://motrpac-data-hub/analysis/human-precovid-sed-adu/v1.3/proteomics/metadata/human-precovid-sed-adu_t10-muscle_prot-pr_metadata_samples_v1.2.txt	9426	2RRS0TjmlLcR7uMRLmGj2A==	20260624_162426
gs://motrpac-data-hub/analysis/human-precovid-sed-adu/v1.3/proteomics/metadata/human-precovid-sed-adu_t10-muscle_prot-pr_qc-report_v1.2.html	3754045	ePl3nxtquHDURt5QpU9VYA==	20260624_162426
gs://motrpac-data-hub/analysis/human-precovid-sed-adu/v1.3/proteomics/qc-norm/human-precovid-sed-adu_t02-plasma_prot-ol_qc-norm_log2_v1.2.txt	9433556	akKk4fZa6o1XYIe7NjBnLQ==	20260624_162426
gs://motrpac-data-hub/analysis/human-precovid-sed-adu/v1.3/proteomics/qc-norm/human-precovid-sed-adu_t07-adipose_prot-ph_imputed_log2-mn_v1.2.txt	9606379	DoUNjz24nh+qHnwAYJnH2A==	20260624_162426
gs://motrpac-data-hub/analysis/human-precovid-sed-adu/v1.3/proteomics/qc-norm/human-precovid-sed-adu_t07-adipose_prot-ph_qc-norm_log2-mn_v1.2.txt	12108958	rB/mby1IW00T0m5JsWm2bg==	20260624_162426
gs://motrpac-data-hub/analysis/human-precovid-sed-adu/v1.3/proteomics/qc-norm/human-precovid-sed-adu_t07-adipose_prot-pr_imputed_log2-mn_v1.2.txt	5757553	PuOE6tn7xKq4z6kD3YI6hQ==	20260624_162426
gs://motrpac-data-hub/analysis/human-precovid-sed-adu/v1.3/proteomics/qc-norm/human-precovid-sed-adu_t07-adipose_prot-pr_qc-norm_log2-mn_v1.2.txt	5799014	NM3pfYnCkBGLq0H5TKV2/w==	20260624_162426
gs://motrpac-data-hub/analysis/human-precovid-sed-adu/v1.3/proteomics/qc-norm/human-precovid-sed-adu_t10-muscle_prot-ph_imputed_log2-mn_v1.2.txt	77350300	knD4b7ksDYZGVP4M3zHqGw==	20260624_162426
gs://motrpac-data-hub/analysis/human-precovid-sed-adu/v1.3/proteomics/qc-norm/human-precovid-sed-adu_t10-muscle_prot-ph_qc-norm_log2-mn_v1.2.txt	105304441	taYcvxhpLAcyi4Gat+FbNw==	20260624_162426
gs://motrpac-data-hub/analysis/human-precovid-sed-adu/v1.3/proteomics/qc-norm/human-precovid-sed-adu_t10-muscle_prot-pr_imputed_log2-mn_v1.2.txt	44847780	cgLrPv5OXg/AyGAfy7IM6w==	20260624_162426
gs://motrpac-data-hub/analysis/human-precovid-sed-adu/v1.3/proteomics/qc-norm/human-precovid-sed-adu_t10-muscle_prot-pr_qc-norm_log2-mn_v1.2.txt	46528445	iS7QT+i7pEr5WmGEeSwSfQ==	20260624_162426
gs://motrpac-data-hub/analysis/human-precovid-sed-adu/v1.3/resources/motrpac-mappings-human-feature-to-gene.txt	179151044	r70zBzKd2InFoPqH2C73Qg==	20260624_162426
gs://motrpac-data-hub/analysis/human-precovid-sed-adu/v1.3/resources/motrpac_human-precovid_1kg_pca.csv	114572	//1wrbeI14zsXCO8LmLJGQ==	20260624_162426
gs://motrpac-data-hub/analysis/human-precovid-sed-adu/v1.3/resources/motrpac_human-precovid_metabolite-cv_v1.2.txt	575648	mNtROaDrXEslTHK8AgqmCw==	20260624_162426
gs://motrpac-data-hub/analysis/human-precovid-sed-adu/v1.3/transcriptomics/da/human-precovid-sed-adu_t04-blood-rna_transcript-rna-seq_da_dream-acute_v1.2.txt	295081197	jyQbr3MJMPB77NdEBVKwOA==	20260624_162426
gs://motrpac-data-hub/analysis/human-precovid-sed-adu/v1.3/transcriptomics/da/human-precovid-sed-adu_t06-muscle_transcript-rna-seq_da_dream-acute_v1.2.txt	151656109	B7zOAmXI2JmsRs49a707LQ==	20260624_162426
gs://motrpac-data-hub/analysis/human-precovid-sed-adu/v1.3/transcriptomics/da/human-precovid-sed-adu_t11-adipose_transcript-rna-seq_da_dream-acute_v1.2.txt	183990390	mt1CV9Wg1vykLcBB/VXYIA==	20260624_162426
gs://motrpac-data-hub/analysis/human-precovid-sed-adu/v1.3/transcriptomics/metadata/human-precovid-sed-adu_all_transcript-rna-seq_qc-report_v1.2.html	8441050	4FzWqAtcpPI3oToSM6gxbg==	20260624_162426
gs://motrpac-data-hub/analysis/human-precovid-sed-adu/v1.3/transcriptomics/metadata/human-precovid-sed-adu_t04-blood-rna_transcript-rna-seq_metadata_features_v1.2.txt	381122	nAvoLOknqq2ex4BCv3QeTw==	20260624_162426
gs://motrpac-data-hub/analysis/human-precovid-sed-adu/v1.3/transcriptomics/metadata/human-precovid-sed-adu_t04-blood-rna_transcript-rna-seq_metadata_removed-samples_v1.2.txt	3711	y0pUIvxua7lon3gx/+c38Q==	20260624_162426
gs://motrpac-data-hub/analysis/human-precovid-sed-adu/v1.3/transcriptomics/metadata/human-precovid-sed-adu_t04-blood-rna_transcript-rna-seq_metadata_samples_v1.2.txt	700438	V+Ql9t1abfCtGSUJjHW18Q==	20260624_162426
gs://motrpac-data-hub/analysis/human-precovid-sed-adu/v1.3/transcriptomics/metadata/human-precovid-sed-adu_t06-muscle_transcript-rna-seq_metadata_features_v1.2.txt	308322	3NzDjpgZSQ2KD1bDJXe+CQ==	20260624_162426
gs://motrpac-data-hub/analysis/human-precovid-sed-adu/v1.3/transcriptomics/metadata/human-precovid-sed-adu_t06-muscle_transcript-rna-seq_metadata_removed-samples_v1.2.txt	162	GZY+neNGOOeasdWhmcCebQ==	20260624_162426
gs://motrpac-data-hub/analysis/human-precovid-sed-adu/v1.3/transcriptomics/metadata/human-precovid-sed-adu_t06-muscle_transcript-rna-seq_metadata_samples_v1.2.txt	353346	QgcpECknqz6mWsCYQ34jyA==	20260624_162426
gs://motrpac-data-hub/analysis/human-precovid-sed-adu/v1.3/transcriptomics/metadata/human-precovid-sed-adu_t11-adipose_transcript-rna-seq_metadata_features_v1.2.txt	373940	MgnRW/TWkjXjgnwrbrkQLA==	20260624_162426
gs://motrpac-data-hub/analysis/human-precovid-sed-adu/v1.3/transcriptomics/metadata/human-precovid-sed-adu_t11-adipose_transcript-rna-seq_metadata_removed-samples_v1.2.txt	73	2ttACc+BirW7gaVbkbaVOA==	20260624_162426
gs://motrpac-data-hub/analysis/human-precovid-sed-adu/v1.3/transcriptomics/metadata/human-precovid-sed-adu_t11-adipose_transcript-rna-seq_metadata_samples_v1.2.txt	301392	mY7yRcBZhoPCEAS+mKnIzQ==	20260624_162426
gs://motrpac-data-hub/analysis/human-precovid-sed-adu/v1.3/transcriptomics/qc-norm/human-precovid-sed-adu_t04-blood-rna_transcript-rna-seq_qc-norm_log-cpm_v1.2.txt	339192329	GxsL4QpClv5wZep/BCcfdw==	20260624_162426
gs://motrpac-data-hub/analysis/human-precovid-sed-adu/v1.3/transcriptomics/qc-norm/human-precovid-sed-adu_t06-muscle_transcript-rna-seq_qc-norm_log-cpm_v1.2.txt	138943009	fSl1rr1EMlVeBSMQvoBwDA==	20260624_162426
gs://motrpac-data-hub/analysis/human-precovid-sed-adu/v1.3/transcriptomics/qc-norm/human-precovid-sed-adu_t11-adipose_transcript-rna-seq_qc-norm_log-cpm_v1.2.txt	141318357	XDfDsF7iQBomnWhadvGMtg==	20260624_162426
