local_path	gcs_path	production_gcs_path	join_key	ome	tissue_code	data_category	data_details	old_version	new_version	old_md5	new_md5	change_type
/Users/christopherjin/Documents/GitHub/precovid-analyses//data/tmp/freeze/clinical-chemistry/metadata/human-precovid-sed-adu_t02-plasma_clinical-chemistry_metadata_features_v1.4.txt	gs://pre-cawg/staging_20260511/clinical-chemistry/metadata/human-precovid-sed-adu_t02-plasma_clinical-chemistry_metadata_features_v1.4.txt	NA	human-precovid-sed-adu_t02-plasma_clinical-chemistry_metadata_features	clinical-chemistry	t02-plasma	metadata	features	NA	1.4	NA	201bb84dbfbcf631a4019d299503636a	ADDED
/Users/christopherjin/Documents/GitHub/precovid-analyses//data/tmp/freeze/clinical-chemistry/metadata/human-precovid-sed-adu_t02-plasma_clinical-chemistry_metadata_samples_v1.4.txt	gs://pre-cawg/staging_20260511/clinical-chemistry/metadata/human-precovid-sed-adu_t02-plasma_clinical-chemistry_metadata_samples_v1.4.txt	NA	human-precovid-sed-adu_t02-plasma_clinical-chemistry_metadata_samples	clinical-chemistry	t02-plasma	metadata	samples	NA	1.4	NA	899b8a8503f6cd6ea9d85bd1ebc6ab95	ADDED
/Users/christopherjin/Documents/GitHub/precovid-analyses//data/tmp/freeze/clinical-chemistry/qc-norm/human-precovid-sed-adu_t02-plasma_clinical-chemistry_qc-norm_log2-transformed_v1.4.txt	gs://pre-cawg/staging_20260511/clinical-chemistry/qc-norm/human-precovid-sed-adu_t02-plasma_clinical-chemistry_qc-norm_log2-transformed_v1.4.txt	NA	human-precovid-sed-adu_t02-plasma_clinical-chemistry_qc-norm_log2-transformed	clinical-chemistry	t02-plasma	qc-norm	log2-transformed	NA	1.4	NA	b2f0ac0c55bc221296239910c2dd0e5f	ADDED
/Users/christopherjin/Documents/GitHub/precovid-analyses//data/tmp/freeze/epigenomics/metadata/human-precovid-sed-adu_t03-edta_epigen-methylcap-seq_metadata_features_v1.4.txt	gs://pre-cawg/staging_20260511/epigenomics/metadata/human-precovid-sed-adu_t03-edta_epigen-methylcap-seq_metadata_features_v1.4.txt	NA	human-precovid-sed-adu_t03-edta_epigen-methylcap-seq_metadata_features	epigen-methylcap-seq	t03-edta	metadata	features	NA	1.4	NA	421ddf7daa1a314cd482915256c713f7	ADDED
/Users/christopherjin/Documents/GitHub/precovid-analyses//data/tmp/freeze/epigenomics/metadata/human-precovid-sed-adu_t05-pbmc_epigen-atac-seq_metadata_features_v1.4.txt	gs://pre-cawg/staging_20260511/epigenomics/metadata/human-precovid-sed-adu_t05-pbmc_epigen-atac-seq_metadata_features_v1.4.txt	gs://motrpac-data-hub/analysis/human-precovid-sed-adu/v1.3/epigenomics/metadata/human-precovid-sed-adu_t05-pbmc_epigen-atac-seq_metadata_features_v1.2.txt	human-precovid-sed-adu_t05-pbmc_epigen-atac-seq_metadata_features	epigen-atac-seq	t05-pbmc	metadata	features	1.2	1.4	ualXMx//+HXNKgLHjYxhow==	bc8fb39fa146dfe9e5f59c423353a473	MODIFIED
/Users/christopherjin/Documents/GitHub/precovid-analyses//data/tmp/freeze/epigenomics/metadata/human-precovid-sed-adu_t06-muscle_epigen-atac-seq_metadata_features_v1.4.txt	gs://pre-cawg/staging_20260511/epigenomics/metadata/human-precovid-sed-adu_t06-muscle_epigen-atac-seq_metadata_features_v1.4.txt	gs://motrpac-data-hub/analysis/human-precovid-sed-adu/v1.3/epigenomics/metadata/human-precovid-sed-adu_t06-muscle_epigen-atac-seq_metadata_features_v1.2.txt	human-precovid-sed-adu_t06-muscle_epigen-atac-seq_metadata_features	epigen-atac-seq	t06-muscle	metadata	features	1.2	1.4	kp4EzvoD/6z5+it939SIoQ==	5a7b87f978e9c63e0b7b6834421d8d77	MODIFIED
/Users/christopherjin/Documents/GitHub/precovid-analyses//data/tmp/freeze/epigenomics/metadata/human-precovid-sed-adu_t06-muscle_epigen-methylcap-seq_metadata_features_v1.4.txt	gs://pre-cawg/staging_20260511/epigenomics/metadata/human-precovid-sed-adu_t06-muscle_epigen-methylcap-seq_metadata_features_v1.4.txt	NA	human-precovid-sed-adu_t06-muscle_epigen-methylcap-seq_metadata_features	epigen-methylcap-seq	t06-muscle	metadata	features	NA	1.4	NA	873649c1ba6c7e7b119a98d3b7b6683a	ADDED
/Users/christopherjin/Documents/GitHub/precovid-analyses//data/tmp/freeze/epigenomics/metadata/human-precovid-sed-adu_t11-adipose_epigen-methylcap-seq_metadata_features_v1.4.txt	gs://pre-cawg/staging_20260511/epigenomics/metadata/human-precovid-sed-adu_t11-adipose_epigen-methylcap-seq_metadata_features_v1.4.txt	NA	human-precovid-sed-adu_t11-adipose_epigen-methylcap-seq_metadata_features	epigen-methylcap-seq	t11-adipose	metadata	features	NA	1.4	NA	233c8753d0d91bc6414f4e650e23801a	ADDED
/Users/christopherjin/Documents/GitHub/precovid-analyses//data/tmp/freeze/metabolomics-targeted/metadata/human-precovid-sed-adu_t02-plasma_metab-t-amines_metadata_features_v1.4.txt	gs://pre-cawg/staging_20260511/metabolomics-targeted/metadata/human-precovid-sed-adu_t02-plasma_metab-t-amines_metadata_features_v1.4.txt	gs://motrpac-data-hub/analysis/human-precovid-sed-adu/v1.3/metabolomics-targeted/metadata/human-precovid-sed-adu_t02-plasma_metab-t-amines_metadata_features_v1.3.txt	human-precovid-sed-adu_t02-plasma_metab-t-amines_metadata_features	metab-t-amines	t02-plasma	metadata	features	1.3	1.4	U9DpDmGaqmVcpF+p/moQ6g==	e83d0d34a12d25f2b0ca2ebf945172b4	MODIFIED
/Users/christopherjin/Documents/GitHub/precovid-analyses//data/tmp/freeze/metabolomics-targeted/metadata/human-precovid-sed-adu_t02-plasma_metab-t-amines_metadata_samples_v1.4.txt	gs://pre-cawg/staging_20260511/metabolomics-targeted/metadata/human-precovid-sed-adu_t02-plasma_metab-t-amines_metadata_samples_v1.4.txt	gs://motrpac-data-hub/analysis/human-precovid-sed-adu/v1.3/metabolomics-targeted/metadata/human-precovid-sed-adu_t02-plasma_metab-t-amines_metadata_samples_v1.3.txt	human-precovid-sed-adu_t02-plasma_metab-t-amines_metadata_samples	metab-t-amines	t02-plasma	metadata	samples	1.3	1.4	1vORQ6EWveHAJwMjHtq5EA==	8f6f74a3ad00e80c9b401578fa1ab78a	MODIFIED
/Users/christopherjin/Documents/GitHub/precovid-analyses//data/tmp/freeze/metabolomics-targeted/metadata/human-precovid-sed-adu_t02-plasma_metab-t-conv_metadata_features_v1.4.txt	gs://pre-cawg/staging_20260511/metabolomics-targeted/metadata/human-precovid-sed-adu_t02-plasma_metab-t-conv_metadata_features_v1.4.txt	gs://motrpac-data-hub/analysis/human-precovid-sed-adu/v1.3/metabolomics-targeted/metadata/human-precovid-sed-adu_t02-plasma_metab-t-conv_metadata_features_v1.3.txt	human-precovid-sed-adu_t02-plasma_metab-t-conv_metadata_features	metab-t-conv	t02-plasma	metadata	features	1.3	1.4	XBsBr6dULNEFkKG8HRAZ0Q==	d752fec73ff162f9061b35983b141bf4	MODIFIED
/Users/christopherjin/Documents/GitHub/precovid-analyses//data/tmp/freeze/metabolomics-targeted/metadata/human-precovid-sed-adu_t02-plasma_metab-t-conv_metadata_samples_v1.4.txt	gs://pre-cawg/staging_20260511/metabolomics-targeted/metadata/human-precovid-sed-adu_t02-plasma_metab-t-conv_metadata_samples_v1.4.txt	gs://motrpac-data-hub/analysis/human-precovid-sed-adu/v1.3/metabolomics-targeted/metadata/human-precovid-sed-adu_t02-plasma_metab-t-conv_metadata_samples_v1.3.txt	human-precovid-sed-adu_t02-plasma_metab-t-conv_metadata_samples	metab-t-conv	t02-plasma	metadata	samples	1.3	1.4	ZD09PvlGSYzS/QWPq+oayg==	ebbd19512427232c1d57ae775e608a4b	MODIFIED
/Users/christopherjin/Documents/GitHub/precovid-analyses//data/tmp/freeze/metabolomics-targeted/metadata/human-precovid-sed-adu_t02-plasma_metab-t-imm-crt_metadata_features_v1.4.txt	gs://pre-cawg/staging_20260511/metabolomics-targeted/metadata/human-precovid-sed-adu_t02-plasma_metab-t-imm-crt_metadata_features_v1.4.txt	gs://motrpac-data-hub/analysis/human-precovid-sed-adu/v1.3/metabolomics-targeted/metadata/human-precovid-sed-adu_t02-plasma_metab-t-imm-crt_metadata_features_v1.3.txt	human-precovid-sed-adu_t02-plasma_metab-t-imm-crt_metadata_features	metab-t-imm-crt	t02-plasma	metadata	features	1.3	1.4	EUCRhFxAZjqNpMQPbVW5cg==	8eecfcbf9712390bb7de2a8ee0c69047	MODIFIED
/Users/christopherjin/Documents/GitHub/precovid-analyses//data/tmp/freeze/metabolomics-targeted/metadata/human-precovid-sed-adu_t02-plasma_metab-t-imm-crt_metadata_samples_v1.4.txt	gs://pre-cawg/staging_20260511/metabolomics-targeted/metadata/human-precovid-sed-adu_t02-plasma_metab-t-imm-crt_metadata_samples_v1.4.txt	gs://motrpac-data-hub/analysis/human-precovid-sed-adu/v1.3/metabolomics-targeted/metadata/human-precovid-sed-adu_t02-plasma_metab-t-imm-crt_metadata_samples_v1.3.txt	human-precovid-sed-adu_t02-plasma_metab-t-imm-crt_metadata_samples	metab-t-imm-crt	t02-plasma	metadata	samples	1.3	1.4	1jPvUNWiZWSb7H1JcL6RPw==	6818134ad9d0fa7eb0326727e09b7157	MODIFIED
/Users/christopherjin/Documents/GitHub/precovid-analyses//data/tmp/freeze/metabolomics-targeted/metadata/human-precovid-sed-adu_t02-plasma_metab-t-oxylipneg_metadata_features_v1.4.txt	gs://pre-cawg/staging_20260511/metabolomics-targeted/metadata/human-precovid-sed-adu_t02-plasma_metab-t-oxylipneg_metadata_features_v1.4.txt	gs://motrpac-data-hub/analysis/human-precovid-sed-adu/v1.3/metabolomics-targeted/metadata/human-precovid-sed-adu_t02-plasma_metab-t-oxylipneg_metadata_features_v1.3.txt	human-precovid-sed-adu_t02-plasma_metab-t-oxylipneg_metadata_features	metab-t-oxylipneg	t02-plasma	metadata	features	1.3	1.4	6EAXX0ii4ARTIKn9NW7bSg==	e13eaa34e0aed0804ee51512bf7c01c3	MODIFIED
/Users/christopherjin/Documents/GitHub/precovid-analyses//data/tmp/freeze/metabolomics-targeted/metadata/human-precovid-sed-adu_t02-plasma_metab-t-oxylipneg_metadata_samples_v1.4.txt	gs://pre-cawg/staging_20260511/metabolomics-targeted/metadata/human-precovid-sed-adu_t02-plasma_metab-t-oxylipneg_metadata_samples_v1.4.txt	gs://motrpac-data-hub/analysis/human-precovid-sed-adu/v1.3/metabolomics-targeted/metadata/human-precovid-sed-adu_t02-plasma_metab-t-oxylipneg_metadata_samples_v1.3.txt	human-precovid-sed-adu_t02-plasma_metab-t-oxylipneg_metadata_samples	metab-t-oxylipneg	t02-plasma	metadata	samples	1.3	1.4	Bx+XBRe+K3zpMihcOPwUvg==	a142c554be69336b382aa10c5860d52a	MODIFIED
/Users/christopherjin/Documents/GitHub/precovid-analyses//data/tmp/freeze/metabolomics-targeted/metadata/human-precovid-sed-adu_t02-plasma_metab-t-tca_metadata_features_v1.4.txt	gs://pre-cawg/staging_20260511/metabolomics-targeted/metadata/human-precovid-sed-adu_t02-plasma_metab-t-tca_metadata_features_v1.4.txt	gs://motrpac-data-hub/analysis/human-precovid-sed-adu/v1.3/metabolomics-targeted/metadata/human-precovid-sed-adu_t02-plasma_metab-t-tca_metadata_features_v1.3.txt	human-precovid-sed-adu_t02-plasma_metab-t-tca_metadata_features	metab-t-tca	t02-plasma	metadata	features	1.3	1.4	sSC16mNPeyfAmpRRondryg==	d2db1caa541ab0326ba6cad7f0004393	MODIFIED
/Users/christopherjin/Documents/GitHub/precovid-analyses//data/tmp/freeze/metabolomics-targeted/metadata/human-precovid-sed-adu_t02-plasma_metab-t-tca_metadata_samples_v1.4.txt	gs://pre-cawg/staging_20260511/metabolomics-targeted/metadata/human-precovid-sed-adu_t02-plasma_metab-t-tca_metadata_samples_v1.4.txt	gs://motrpac-data-hub/analysis/human-precovid-sed-adu/v1.3/metabolomics-targeted/metadata/human-precovid-sed-adu_t02-plasma_metab-t-tca_metadata_samples_v1.3.txt	human-precovid-sed-adu_t02-plasma_metab-t-tca_metadata_samples	metab-t-tca	t02-plasma	metadata	samples	1.3	1.4	MqSvWMcc7f6CB1xG7WqP8Q==	83f24658760fa755335ade210d7c419b	MODIFIED
/Users/christopherjin/Documents/GitHub/precovid-analyses//data/tmp/freeze/metabolomics-targeted/metadata/human-precovid-sed-adu_t10-muscle_metab-t-amines_metadata_features_v1.4.txt	gs://pre-cawg/staging_20260511/metabolomics-targeted/metadata/human-precovid-sed-adu_t10-muscle_metab-t-amines_metadata_features_v1.4.txt	gs://motrpac-data-hub/analysis/human-precovid-sed-adu/v1.3/metabolomics-targeted/metadata/human-precovid-sed-adu_t10-muscle_metab-t-amines_metadata_features_v1.3.txt	human-precovid-sed-adu_t10-muscle_metab-t-amines_metadata_features	metab-t-amines	t10-muscle	metadata	features	1.3	1.4	akDq6R9UqpzM8+ORJHclZQ==	b83d94e8f2ebcf8c50cbcb365f73c972	MODIFIED
/Users/christopherjin/Documents/GitHub/precovid-analyses//data/tmp/freeze/metabolomics-targeted/metadata/human-precovid-sed-adu_t10-muscle_metab-t-amines_metadata_samples_v1.4.txt	gs://pre-cawg/staging_20260511/metabolomics-targeted/metadata/human-precovid-sed-adu_t10-muscle_metab-t-amines_metadata_samples_v1.4.txt	gs://motrpac-data-hub/analysis/human-precovid-sed-adu/v1.3/metabolomics-targeted/metadata/human-precovid-sed-adu_t10-muscle_metab-t-amines_metadata_samples_v1.3.txt	human-precovid-sed-adu_t10-muscle_metab-t-amines_metadata_samples	metab-t-amines	t10-muscle	metadata	samples	1.3	1.4	K5mqtpWxb2RpWEhzFz4Nbw==	48344deafd6e0c67b2c92160761adbb4	MODIFIED
/Users/christopherjin/Documents/GitHub/precovid-analyses//data/tmp/freeze/metabolomics-targeted/metadata/human-precovid-sed-adu_t10-muscle_metab-t-nuc_metadata_features_v1.4.txt	gs://pre-cawg/staging_20260511/metabolomics-targeted/metadata/human-precovid-sed-adu_t10-muscle_metab-t-nuc_metadata_features_v1.4.txt	gs://motrpac-data-hub/analysis/human-precovid-sed-adu/v1.3/metabolomics-targeted/metadata/human-precovid-sed-adu_t10-muscle_metab-t-nuc_metadata_features_v1.3.txt	human-precovid-sed-adu_t10-muscle_metab-t-nuc_metadata_features	metab-t-nuc	t10-muscle	metadata	features	1.3	1.4	Pr6TY6K5IPwdTwU96ZGaoA==	070a1a72e3669146c8d8d5d9f37e15bf	MODIFIED
/Users/christopherjin/Documents/GitHub/precovid-analyses//data/tmp/freeze/metabolomics-targeted/metadata/human-precovid-sed-adu_t10-muscle_metab-t-nuc_metadata_samples_v1.4.txt	gs://pre-cawg/staging_20260511/metabolomics-targeted/metadata/human-precovid-sed-adu_t10-muscle_metab-t-nuc_metadata_samples_v1.4.txt	gs://motrpac-data-hub/analysis/human-precovid-sed-adu/v1.3/metabolomics-targeted/metadata/human-precovid-sed-adu_t10-muscle_metab-t-nuc_metadata_samples_v1.3.txt	human-precovid-sed-adu_t10-muscle_metab-t-nuc_metadata_samples	metab-t-nuc	t10-muscle	metadata	samples	1.3	1.4	CLlJmztEaRKiRYI45usIyw==	392a7b55a642648fbfa2d075c5843438	MODIFIED
/Users/christopherjin/Documents/GitHub/precovid-analyses//data/tmp/freeze/metabolomics-targeted/metadata/human-precovid-sed-adu_t10-muscle_metab-t-oxylipneg_metadata_features_v1.4.txt	gs://pre-cawg/staging_20260511/metabolomics-targeted/metadata/human-precovid-sed-adu_t10-muscle_metab-t-oxylipneg_metadata_features_v1.4.txt	gs://motrpac-data-hub/analysis/human-precovid-sed-adu/v1.3/metabolomics-targeted/metadata/human-precovid-sed-adu_t10-muscle_metab-t-oxylipneg_metadata_features_v1.3.txt	human-precovid-sed-adu_t10-muscle_metab-t-oxylipneg_metadata_features	metab-t-oxylipneg	t10-muscle	metadata	features	1.3	1.4	rrm6UgKfKAqAymvP5yHcZw==	7e4464ea091190a2099a66ac2f2e4446	MODIFIED
/Users/christopherjin/Documents/GitHub/precovid-analyses//data/tmp/freeze/metabolomics-targeted/metadata/human-precovid-sed-adu_t10-muscle_metab-t-oxylipneg_metadata_samples_v1.4.txt	gs://pre-cawg/staging_20260511/metabolomics-targeted/metadata/human-precovid-sed-adu_t10-muscle_metab-t-oxylipneg_metadata_samples_v1.4.txt	gs://motrpac-data-hub/analysis/human-precovid-sed-adu/v1.3/metabolomics-targeted/metadata/human-precovid-sed-adu_t10-muscle_metab-t-oxylipneg_metadata_samples_v1.3.txt	human-precovid-sed-adu_t10-muscle_metab-t-oxylipneg_metadata_samples	metab-t-oxylipneg	t10-muscle	metadata	samples	1.3	1.4	yLunWOjCuqRq3la4NP2wQw==	9056022eb9169651c7bfe329676f7dc1	MODIFIED
/Users/christopherjin/Documents/GitHub/precovid-analyses//data/tmp/freeze/metabolomics-targeted/metadata/human-precovid-sed-adu_t10-muscle_metab-t-tca_metadata_features_v1.4.txt	gs://pre-cawg/staging_20260511/metabolomics-targeted/metadata/human-precovid-sed-adu_t10-muscle_metab-t-tca_metadata_features_v1.4.txt	gs://motrpac-data-hub/analysis/human-precovid-sed-adu/v1.3/metabolomics-targeted/metadata/human-precovid-sed-adu_t10-muscle_metab-t-tca_metadata_features_v1.3.txt	human-precovid-sed-adu_t10-muscle_metab-t-tca_metadata_features	metab-t-tca	t10-muscle	metadata	features	1.3	1.4	9rpdBdSY2DkEk10jboomJg==	f534de979e77b28d57228aa7812c10c4	MODIFIED
/Users/christopherjin/Documents/GitHub/precovid-analyses//data/tmp/freeze/metabolomics-targeted/metadata/human-precovid-sed-adu_t10-muscle_metab-t-tca_metadata_samples_v1.4.txt	gs://pre-cawg/staging_20260511/metabolomics-targeted/metadata/human-precovid-sed-adu_t10-muscle_metab-t-tca_metadata_samples_v1.4.txt	gs://motrpac-data-hub/analysis/human-precovid-sed-adu/v1.3/metabolomics-targeted/metadata/human-precovid-sed-adu_t10-muscle_metab-t-tca_metadata_samples_v1.3.txt	human-precovid-sed-adu_t10-muscle_metab-t-tca_metadata_samples	metab-t-tca	t10-muscle	metadata	samples	1.3	1.4	GvWABhvibn6Jg4401t86Wg==	2e36c3406654420d5c3095402cd17ff0	MODIFIED
/Users/christopherjin/Documents/GitHub/precovid-analyses//data/tmp/freeze/metabolomics-targeted/metadata/human-precovid-sed-adu_t11-adipose_metab-t-acoa_metadata_features_v1.4.txt	gs://pre-cawg/staging_20260511/metabolomics-targeted/metadata/human-precovid-sed-adu_t11-adipose_metab-t-acoa_metadata_features_v1.4.txt	gs://motrpac-data-hub/analysis/human-precovid-sed-adu/v1.3/metabolomics-targeted/metadata/human-precovid-sed-adu_t11-adipose_metab-t-acoa_metadata_features_v1.3.txt	human-precovid-sed-adu_t11-adipose_metab-t-acoa_metadata_features	metab-t-acoa	t11-adipose	metadata	features	1.3	1.4	yjTlHs0fveg+9Qd3PqGhrQ==	4646a57b5da6a91e40f833dd35a52aa6	MODIFIED
/Users/christopherjin/Documents/GitHub/precovid-analyses//data/tmp/freeze/metabolomics-targeted/metadata/human-precovid-sed-adu_t11-adipose_metab-t-acoa_metadata_samples_v1.4.txt	gs://pre-cawg/staging_20260511/metabolomics-targeted/metadata/human-precovid-sed-adu_t11-adipose_metab-t-acoa_metadata_samples_v1.4.txt	gs://motrpac-data-hub/analysis/human-precovid-sed-adu/v1.3/metabolomics-targeted/metadata/human-precovid-sed-adu_t11-adipose_metab-t-acoa_metadata_samples_v1.3.txt	human-precovid-sed-adu_t11-adipose_metab-t-acoa_metadata_samples	metab-t-acoa	t11-adipose	metadata	samples	1.3	1.4	0/6bErxRRMoYF7s/NHLyCg==	ed6cb90a6b5ebf5400198f93c29c1000	MODIFIED
/Users/christopherjin/Documents/GitHub/precovid-analyses//data/tmp/freeze/metabolomics-targeted/metadata/human-precovid-sed-adu_t11-adipose_metab-t-amines_metadata_features_v1.4.txt	gs://pre-cawg/staging_20260511/metabolomics-targeted/metadata/human-precovid-sed-adu_t11-adipose_metab-t-amines_metadata_features_v1.4.txt	gs://motrpac-data-hub/analysis/human-precovid-sed-adu/v1.3/metabolomics-targeted/metadata/human-precovid-sed-adu_t11-adipose_metab-t-amines_metadata_features_v1.3.txt	human-precovid-sed-adu_t11-adipose_metab-t-amines_metadata_features	metab-t-amines	t11-adipose	metadata	features	1.3	1.4	lImsEyc2hVikweeDx0CUBg==	41642af3f035f76d4cf1bf1a493abb1f	MODIFIED
/Users/christopherjin/Documents/GitHub/precovid-analyses//data/tmp/freeze/metabolomics-targeted/metadata/human-precovid-sed-adu_t11-adipose_metab-t-amines_metadata_samples_v1.4.txt	gs://pre-cawg/staging_20260511/metabolomics-targeted/metadata/human-precovid-sed-adu_t11-adipose_metab-t-amines_metadata_samples_v1.4.txt	gs://motrpac-data-hub/analysis/human-precovid-sed-adu/v1.3/metabolomics-targeted/metadata/human-precovid-sed-adu_t11-adipose_metab-t-amines_metadata_samples_v1.3.txt	human-precovid-sed-adu_t11-adipose_metab-t-amines_metadata_samples	metab-t-amines	t11-adipose	metadata	samples	1.3	1.4	NBs/ipafMGFJGZ1PlvdA/w==	09f5caaa5ac8f52d3718fa67ae57d214	MODIFIED
/Users/christopherjin/Documents/GitHub/precovid-analyses//data/tmp/freeze/metabolomics-targeted/metadata/human-precovid-sed-adu_t11-adipose_metab-t-ka_metadata_features_v1.4.txt	gs://pre-cawg/staging_20260511/metabolomics-targeted/metadata/human-precovid-sed-adu_t11-adipose_metab-t-ka_metadata_features_v1.4.txt	gs://motrpac-data-hub/analysis/human-precovid-sed-adu/v1.3/metabolomics-targeted/metadata/human-precovid-sed-adu_t11-adipose_metab-t-ka_metadata_features_v1.3.txt	human-precovid-sed-adu_t11-adipose_metab-t-ka_metadata_features	metab-t-ka	t11-adipose	metadata	features	1.3	1.4	JkZM17fumVhNaERii64toQ==	31c5e192e51dc7193345d69874351e42	MODIFIED
/Users/christopherjin/Documents/GitHub/precovid-analyses//data/tmp/freeze/metabolomics-targeted/metadata/human-precovid-sed-adu_t11-adipose_metab-t-ka_metadata_samples_v1.4.txt	gs://pre-cawg/staging_20260511/metabolomics-targeted/metadata/human-precovid-sed-adu_t11-adipose_metab-t-ka_metadata_samples_v1.4.txt	gs://motrpac-data-hub/analysis/human-precovid-sed-adu/v1.3/metabolomics-targeted/metadata/human-precovid-sed-adu_t11-adipose_metab-t-ka_metadata_samples_v1.3.txt	human-precovid-sed-adu_t11-adipose_metab-t-ka_metadata_samples	metab-t-ka	t11-adipose	metadata	samples	1.3	1.4	M76b5DuMDAUbn45qi9tBYA==	9e804566a7b085e070079d98274e68dc	MODIFIED
/Users/christopherjin/Documents/GitHub/precovid-analyses//data/tmp/freeze/metabolomics-targeted/metadata/human-precovid-sed-adu_t11-adipose_metab-t-nuc_metadata_features_v1.4.txt	gs://pre-cawg/staging_20260511/metabolomics-targeted/metadata/human-precovid-sed-adu_t11-adipose_metab-t-nuc_metadata_features_v1.4.txt	gs://motrpac-data-hub/analysis/human-precovid-sed-adu/v1.3/metabolomics-targeted/metadata/human-precovid-sed-adu_t11-adipose_metab-t-nuc_metadata_features_v1.3.txt	human-precovid-sed-adu_t11-adipose_metab-t-nuc_metadata_features	metab-t-nuc	t11-adipose	metadata	features	1.3	1.4	qa7tcfZC9vgVztM4G/nDew==	0f63624bbb22e7edf4eba41a29b89cb3	MODIFIED
/Users/christopherjin/Documents/GitHub/precovid-analyses//data/tmp/freeze/metabolomics-targeted/metadata/human-precovid-sed-adu_t11-adipose_metab-t-nuc_metadata_samples_v1.4.txt	gs://pre-cawg/staging_20260511/metabolomics-targeted/metadata/human-precovid-sed-adu_t11-adipose_metab-t-nuc_metadata_samples_v1.4.txt	gs://motrpac-data-hub/analysis/human-precovid-sed-adu/v1.3/metabolomics-targeted/metadata/human-precovid-sed-adu_t11-adipose_metab-t-nuc_metadata_samples_v1.3.txt	human-precovid-sed-adu_t11-adipose_metab-t-nuc_metadata_samples	metab-t-nuc	t11-adipose	metadata	samples	1.3	1.4	w7fj0TVEtV6G1iJLf3UeMg==	d4c27877cc2b10437213b74e76a83c60	MODIFIED
/Users/christopherjin/Documents/GitHub/precovid-analyses//data/tmp/freeze/metabolomics-targeted/metadata/human-precovid-sed-adu_t11-adipose_metab-t-oxylipneg_metadata_features_v1.4.txt	gs://pre-cawg/staging_20260511/metabolomics-targeted/metadata/human-precovid-sed-adu_t11-adipose_metab-t-oxylipneg_metadata_features_v1.4.txt	gs://motrpac-data-hub/analysis/human-precovid-sed-adu/v1.3/metabolomics-targeted/metadata/human-precovid-sed-adu_t11-adipose_metab-t-oxylipneg_metadata_features_v1.3.txt	human-precovid-sed-adu_t11-adipose_metab-t-oxylipneg_metadata_features	metab-t-oxylipneg	t11-adipose	metadata	features	1.3	1.4	hgGiAUnYDDaedegap1DKrQ==	334525a761d04af662c7896a71fcbb5e	MODIFIED
/Users/christopherjin/Documents/GitHub/precovid-analyses//data/tmp/freeze/metabolomics-targeted/metadata/human-precovid-sed-adu_t11-adipose_metab-t-oxylipneg_metadata_samples_v1.4.txt	gs://pre-cawg/staging_20260511/metabolomics-targeted/metadata/human-precovid-sed-adu_t11-adipose_metab-t-oxylipneg_metadata_samples_v1.4.txt	gs://motrpac-data-hub/analysis/human-precovid-sed-adu/v1.3/metabolomics-targeted/metadata/human-precovid-sed-adu_t11-adipose_metab-t-oxylipneg_metadata_samples_v1.3.txt	human-precovid-sed-adu_t11-adipose_metab-t-oxylipneg_metadata_samples	metab-t-oxylipneg	t11-adipose	metadata	samples	1.3	1.4	bb0BwiH0Rw+pNQvjiS/M1g==	1763c03dc7bdfcc21964ef4dc0997129	MODIFIED
/Users/christopherjin/Documents/GitHub/precovid-analyses//data/tmp/freeze/metabolomics-targeted/metadata/human-precovid-sed-adu_t11-adipose_metab-t-tca_metadata_features_v1.4.txt	gs://pre-cawg/staging_20260511/metabolomics-targeted/metadata/human-precovid-sed-adu_t11-adipose_metab-t-tca_metadata_features_v1.4.txt	gs://motrpac-data-hub/analysis/human-precovid-sed-adu/v1.3/metabolomics-targeted/metadata/human-precovid-sed-adu_t11-adipose_metab-t-tca_metadata_features_v1.3.txt	human-precovid-sed-adu_t11-adipose_metab-t-tca_metadata_features	metab-t-tca	t11-adipose	metadata	features	1.3	1.4	/edlwAsIFhEJo9TfDgWSAQ==	64e141770fd316edc0b171dac9ffc1b0	MODIFIED
/Users/christopherjin/Documents/GitHub/precovid-analyses//data/tmp/freeze/metabolomics-targeted/metadata/human-precovid-sed-adu_t11-adipose_metab-t-tca_metadata_samples_v1.4.txt	gs://pre-cawg/staging_20260511/metabolomics-targeted/metadata/human-precovid-sed-adu_t11-adipose_metab-t-tca_metadata_samples_v1.4.txt	gs://motrpac-data-hub/analysis/human-precovid-sed-adu/v1.3/metabolomics-targeted/metadata/human-precovid-sed-adu_t11-adipose_metab-t-tca_metadata_samples_v1.3.txt	human-precovid-sed-adu_t11-adipose_metab-t-tca_metadata_samples	metab-t-tca	t11-adipose	metadata	samples	1.3	1.4	dDHBQL4xVaxQI2WkuZAEEg==	d8d32e26c60c2a081feb56e56f7fed48	MODIFIED
/Users/christopherjin/Documents/GitHub/precovid-analyses//data/tmp/freeze/metabolomics-targeted/qc-norm/human-precovid-sed-adu_t02-plasma_metab-t-amines_qc-norm_log2_v1.4.txt	gs://pre-cawg/staging_20260511/metabolomics-targeted/qc-norm/human-precovid-sed-adu_t02-plasma_metab-t-amines_qc-norm_log2_v1.4.txt	gs://motrpac-data-hub/analysis/human-precovid-sed-adu/v1.3/metabolomics-targeted/qc-norm/human-precovid-sed-adu_t02-plasma_metab-t-amines_qc-norm_log2_v1.3.txt	human-precovid-sed-adu_t02-plasma_metab-t-amines_qc-norm_log2	metab-t-amines	t02-plasma	qc-norm	log2	1.3	1.4	fpg/m5Kf/6LU0imhBJiH0A==	7e983f9b929fffa2d4d229a1049887d0	MODIFIED
/Users/christopherjin/Documents/GitHub/precovid-analyses//data/tmp/freeze/metabolomics-targeted/qc-norm/human-precovid-sed-adu_t02-plasma_metab-t-conv_qc-norm_log2_v1.4.txt	gs://pre-cawg/staging_20260511/metabolomics-targeted/qc-norm/human-precovid-sed-adu_t02-plasma_metab-t-conv_qc-norm_log2_v1.4.txt	gs://motrpac-data-hub/analysis/human-precovid-sed-adu/v1.3/metabolomics-targeted/qc-norm/human-precovid-sed-adu_t02-plasma_metab-t-conv_qc-norm_log2_v1.3.txt	human-precovid-sed-adu_t02-plasma_metab-t-conv_qc-norm_log2	metab-t-conv	t02-plasma	qc-norm	log2	1.3	1.4	B1XWF9Ka23zCCPs9PbT6zA==	0755d617d29adb7cc208fb3d3db4facc	MODIFIED
/Users/christopherjin/Documents/GitHub/precovid-analyses//data/tmp/freeze/metabolomics-targeted/qc-norm/human-precovid-sed-adu_t02-plasma_metab-t-imm-crt_qc-norm_log2_v1.4.txt	gs://pre-cawg/staging_20260511/metabolomics-targeted/qc-norm/human-precovid-sed-adu_t02-plasma_metab-t-imm-crt_qc-norm_log2_v1.4.txt	gs://motrpac-data-hub/analysis/human-precovid-sed-adu/v1.3/metabolomics-targeted/qc-norm/human-precovid-sed-adu_t02-plasma_metab-t-imm-crt_qc-norm_log2_v1.3.txt	human-precovid-sed-adu_t02-plasma_metab-t-imm-crt_qc-norm_log2	metab-t-imm-crt	t02-plasma	qc-norm	log2	1.3	1.4	w1WJvJOiWKJu3C/MQ2x9fw==	c35589bc93a258a26edc2fcc436c7d7f	MODIFIED
/Users/christopherjin/Documents/GitHub/precovid-analyses//data/tmp/freeze/metabolomics-targeted/qc-norm/human-precovid-sed-adu_t02-plasma_metab-t-oxylipneg_qc-norm_log2_v1.4.txt	gs://pre-cawg/staging_20260511/metabolomics-targeted/qc-norm/human-precovid-sed-adu_t02-plasma_metab-t-oxylipneg_qc-norm_log2_v1.4.txt	gs://motrpac-data-hub/analysis/human-precovid-sed-adu/v1.3/metabolomics-targeted/qc-norm/human-precovid-sed-adu_t02-plasma_metab-t-oxylipneg_qc-norm_log2_v1.3.txt	human-precovid-sed-adu_t02-plasma_metab-t-oxylipneg_qc-norm_log2	metab-t-oxylipneg	t02-plasma	qc-norm	log2	1.3	1.4	mTlH8K1MQu9nKxbflHGdkg==	993947f0ad4c42ef672b16df94719d92	MODIFIED
/Users/christopherjin/Documents/GitHub/precovid-analyses//data/tmp/freeze/metabolomics-targeted/qc-norm/human-precovid-sed-adu_t02-plasma_metab-t-tca_qc-norm_log2_v1.4.txt	gs://pre-cawg/staging_20260511/metabolomics-targeted/qc-norm/human-precovid-sed-adu_t02-plasma_metab-t-tca_qc-norm_log2_v1.4.txt	gs://motrpac-data-hub/analysis/human-precovid-sed-adu/v1.3/metabolomics-targeted/qc-norm/human-precovid-sed-adu_t02-plasma_metab-t-tca_qc-norm_log2_v1.3.txt	human-precovid-sed-adu_t02-plasma_metab-t-tca_qc-norm_log2	metab-t-tca	t02-plasma	qc-norm	log2	1.3	1.4	JAaC0JDaEPST5UEggATMww==	240682d090da10f493e541208004ccc3	MODIFIED
/Users/christopherjin/Documents/GitHub/precovid-analyses//data/tmp/freeze/metabolomics-targeted/qc-norm/human-precovid-sed-adu_t10-muscle_metab-t-amines_qc-norm_log2_v1.4.txt	gs://pre-cawg/staging_20260511/metabolomics-targeted/qc-norm/human-precovid-sed-adu_t10-muscle_metab-t-amines_qc-norm_log2_v1.4.txt	gs://motrpac-data-hub/analysis/human-precovid-sed-adu/v1.3/metabolomics-targeted/qc-norm/human-precovid-sed-adu_t10-muscle_metab-t-amines_qc-norm_log2_v1.3.txt	human-precovid-sed-adu_t10-muscle_metab-t-amines_qc-norm_log2	metab-t-amines	t10-muscle	qc-norm	log2	1.3	1.4	oVQWsgxmofMUbb9Crltpvw==	a15416b20c66a1f3146dbf42ae5b69bf	MODIFIED
/Users/christopherjin/Documents/GitHub/precovid-analyses//data/tmp/freeze/metabolomics-targeted/qc-norm/human-precovid-sed-adu_t10-muscle_metab-t-nuc_qc-norm_log2_v1.4.txt	gs://pre-cawg/staging_20260511/metabolomics-targeted/qc-norm/human-precovid-sed-adu_t10-muscle_metab-t-nuc_qc-norm_log2_v1.4.txt	gs://motrpac-data-hub/analysis/human-precovid-sed-adu/v1.3/metabolomics-targeted/qc-norm/human-precovid-sed-adu_t10-muscle_metab-t-nuc_qc-norm_log2_v1.3.txt	human-precovid-sed-adu_t10-muscle_metab-t-nuc_qc-norm_log2	metab-t-nuc	t10-muscle	qc-norm	log2	1.3	1.4	RFqZkmbAG+8YhyOoV+P1og==	445a999266c01bef188723a857e3f5a2	MODIFIED
/Users/christopherjin/Documents/GitHub/precovid-analyses//data/tmp/freeze/metabolomics-targeted/qc-norm/human-precovid-sed-adu_t10-muscle_metab-t-oxylipneg_qc-norm_log2_v1.4.txt	gs://pre-cawg/staging_20260511/metabolomics-targeted/qc-norm/human-precovid-sed-adu_t10-muscle_metab-t-oxylipneg_qc-norm_log2_v1.4.txt	gs://motrpac-data-hub/analysis/human-precovid-sed-adu/v1.3/metabolomics-targeted/qc-norm/human-precovid-sed-adu_t10-muscle_metab-t-oxylipneg_qc-norm_log2_v1.3.txt	human-precovid-sed-adu_t10-muscle_metab-t-oxylipneg_qc-norm_log2	metab-t-oxylipneg	t10-muscle	qc-norm	log2	1.3	1.4	dq1LJ7H3gvztlpTFDq8R3w==	76ad4b27b1f782fced9694c50eaf11df	MODIFIED
/Users/christopherjin/Documents/GitHub/precovid-analyses//data/tmp/freeze/metabolomics-targeted/qc-norm/human-precovid-sed-adu_t10-muscle_metab-t-tca_qc-norm_log2_v1.4.txt	gs://pre-cawg/staging_20260511/metabolomics-targeted/qc-norm/human-precovid-sed-adu_t10-muscle_metab-t-tca_qc-norm_log2_v1.4.txt	gs://motrpac-data-hub/analysis/human-precovid-sed-adu/v1.3/metabolomics-targeted/qc-norm/human-precovid-sed-adu_t10-muscle_metab-t-tca_qc-norm_log2_v1.3.txt	human-precovid-sed-adu_t10-muscle_metab-t-tca_qc-norm_log2	metab-t-tca	t10-muscle	qc-norm	log2	1.3	1.4	SUbZk7XOu29buVAv8Oyt6Q==	4946d993b5cebb6f5bb9502ff0ecade9	MODIFIED
/Users/christopherjin/Documents/GitHub/precovid-analyses//data/tmp/freeze/metabolomics-targeted/qc-norm/human-precovid-sed-adu_t11-adipose_metab-t-acoa_qc-norm_log2_v1.4.txt	gs://pre-cawg/staging_20260511/metabolomics-targeted/qc-norm/human-precovid-sed-adu_t11-adipose_metab-t-acoa_qc-norm_log2_v1.4.txt	gs://motrpac-data-hub/analysis/human-precovid-sed-adu/v1.3/metabolomics-targeted/qc-norm/human-precovid-sed-adu_t11-adipose_metab-t-acoa_qc-norm_log2_v1.3.txt	human-precovid-sed-adu_t11-adipose_metab-t-acoa_qc-norm_log2	metab-t-acoa	t11-adipose	qc-norm	log2	1.3	1.4	vMmZH9zu2xMAOWKGRmwKXw==	bcc9991fdceedb1300396286466c0a5f	MODIFIED
/Users/christopherjin/Documents/GitHub/precovid-analyses//data/tmp/freeze/metabolomics-targeted/qc-norm/human-precovid-sed-adu_t11-adipose_metab-t-amines_qc-norm_log2_v1.4.txt	gs://pre-cawg/staging_20260511/metabolomics-targeted/qc-norm/human-precovid-sed-adu_t11-adipose_metab-t-amines_qc-norm_log2_v1.4.txt	gs://motrpac-data-hub/analysis/human-precovid-sed-adu/v1.3/metabolomics-targeted/qc-norm/human-precovid-sed-adu_t11-adipose_metab-t-amines_qc-norm_log2_v1.3.txt	human-precovid-sed-adu_t11-adipose_metab-t-amines_qc-norm_log2	metab-t-amines	t11-adipose	qc-norm	log2	1.3	1.4	GvG8q5xnDrGvXuiFb9Yc/g==	1af1bcab9c670eb1af5ee8856fd61cfe	MODIFIED
/Users/christopherjin/Documents/GitHub/precovid-analyses//data/tmp/freeze/metabolomics-targeted/qc-norm/human-precovid-sed-adu_t11-adipose_metab-t-ka_qc-norm_log2_v1.4.txt	gs://pre-cawg/staging_20260511/metabolomics-targeted/qc-norm/human-precovid-sed-adu_t11-adipose_metab-t-ka_qc-norm_log2_v1.4.txt	gs://motrpac-data-hub/analysis/human-precovid-sed-adu/v1.3/metabolomics-targeted/qc-norm/human-precovid-sed-adu_t11-adipose_metab-t-ka_qc-norm_log2_v1.3.txt	human-precovid-sed-adu_t11-adipose_metab-t-ka_qc-norm_log2	metab-t-ka	t11-adipose	qc-norm	log2	1.3	1.4	98EDIQOC79ICS2ktBiEQuQ==	f7c103210382efd2024b692d062110b9	MODIFIED
/Users/christopherjin/Documents/GitHub/precovid-analyses//data/tmp/freeze/metabolomics-targeted/qc-norm/human-precovid-sed-adu_t11-adipose_metab-t-nuc_qc-norm_log2_v1.4.txt	gs://pre-cawg/staging_20260511/metabolomics-targeted/qc-norm/human-precovid-sed-adu_t11-adipose_metab-t-nuc_qc-norm_log2_v1.4.txt	gs://motrpac-data-hub/analysis/human-precovid-sed-adu/v1.3/metabolomics-targeted/qc-norm/human-precovid-sed-adu_t11-adipose_metab-t-nuc_qc-norm_log2_v1.3.txt	human-precovid-sed-adu_t11-adipose_metab-t-nuc_qc-norm_log2	metab-t-nuc	t11-adipose	qc-norm	log2	1.3	1.4	wM8I+nD2bGiRdsDiNNuHIw==	c0cf08fa70f66c689176c0e234db8723	MODIFIED
/Users/christopherjin/Documents/GitHub/precovid-analyses//data/tmp/freeze/metabolomics-targeted/qc-norm/human-precovid-sed-adu_t11-adipose_metab-t-oxylipneg_qc-norm_log2_v1.4.txt	gs://pre-cawg/staging_20260511/metabolomics-targeted/qc-norm/human-precovid-sed-adu_t11-adipose_metab-t-oxylipneg_qc-norm_log2_v1.4.txt	gs://motrpac-data-hub/analysis/human-precovid-sed-adu/v1.3/metabolomics-targeted/qc-norm/human-precovid-sed-adu_t11-adipose_metab-t-oxylipneg_qc-norm_log2_v1.3.txt	human-precovid-sed-adu_t11-adipose_metab-t-oxylipneg_qc-norm_log2	metab-t-oxylipneg	t11-adipose	qc-norm	log2	1.3	1.4	D5LhEiv+tu6CEr4yqziVKg==	0f92e1122bfeb6ee8212be32ab38952a	MODIFIED
/Users/christopherjin/Documents/GitHub/precovid-analyses//data/tmp/freeze/metabolomics-targeted/qc-norm/human-precovid-sed-adu_t11-adipose_metab-t-tca_qc-norm_log2_v1.4.txt	gs://pre-cawg/staging_20260511/metabolomics-targeted/qc-norm/human-precovid-sed-adu_t11-adipose_metab-t-tca_qc-norm_log2_v1.4.txt	gs://motrpac-data-hub/analysis/human-precovid-sed-adu/v1.3/metabolomics-targeted/qc-norm/human-precovid-sed-adu_t11-adipose_metab-t-tca_qc-norm_log2_v1.3.txt	human-precovid-sed-adu_t11-adipose_metab-t-tca_qc-norm_log2	metab-t-tca	t11-adipose	qc-norm	log2	1.3	1.4	VKTRAzDq7zXVKk1CPa9j9Q==	54a4d10330eaef35d52a4d423daf63f5	MODIFIED
/Users/christopherjin/Documents/GitHub/precovid-analyses//data/tmp/freeze/metabolomics-untargeted/metadata/human-precovid-sed-adu_t02-plasma_metab-u-hilicpos_metadata_features_v1.4.txt	gs://pre-cawg/staging_20260511/metabolomics-untargeted/metadata/human-precovid-sed-adu_t02-plasma_metab-u-hilicpos_metadata_features_v1.4.txt	gs://motrpac-data-hub/analysis/human-precovid-sed-adu/v1.3/metabolomics-untargeted/metadata/human-precovid-sed-adu_t02-plasma_metab-u-hilicpos_metadata_features_v1.3.txt	human-precovid-sed-adu_t02-plasma_metab-u-hilicpos_metadata_features	metab-u-hilicpos	t02-plasma	metadata	features	1.3	1.4	3ssAZqZfa9QmRZ4QJiVfDQ==	b9add9c20411f795c547644ea5a761d0	MODIFIED
/Users/christopherjin/Documents/GitHub/precovid-analyses//data/tmp/freeze/metabolomics-untargeted/metadata/human-precovid-sed-adu_t02-plasma_metab-u-hilicpos_metadata_samples_v1.4.txt	gs://pre-cawg/staging_20260511/metabolomics-untargeted/metadata/human-precovid-sed-adu_t02-plasma_metab-u-hilicpos_metadata_samples_v1.4.txt	gs://motrpac-data-hub/analysis/human-precovid-sed-adu/v1.3/metabolomics-untargeted/metadata/human-precovid-sed-adu_t02-plasma_metab-u-hilicpos_metadata_samples_v1.3.txt	human-precovid-sed-adu_t02-plasma_metab-u-hilicpos_metadata_samples	metab-u-hilicpos	t02-plasma	metadata	samples	1.3	1.4	I+SJXCsXDU73vNTP0zudKA==	4dde7b345cdaa4ebd0ba8dc0387c9fd6	MODIFIED
/Users/christopherjin/Documents/GitHub/precovid-analyses//data/tmp/freeze/metabolomics-untargeted/metadata/human-precovid-sed-adu_t02-plasma_metab-u-ionpneg_metadata_features_v1.4.txt	gs://pre-cawg/staging_20260511/metabolomics-untargeted/metadata/human-precovid-sed-adu_t02-plasma_metab-u-ionpneg_metadata_features_v1.4.txt	gs://motrpac-data-hub/analysis/human-precovid-sed-adu/v1.3/metabolomics-untargeted/metadata/human-precovid-sed-adu_t02-plasma_metab-u-ionpneg_metadata_features_v1.3.txt	human-precovid-sed-adu_t02-plasma_metab-u-ionpneg_metadata_features	metab-u-ionpneg	t02-plasma	metadata	features	1.3	1.4	Q5a1t2d/gxSfJpgXU44CkA==	be8942d24b72df9557c4592103e233bb	MODIFIED
/Users/christopherjin/Documents/GitHub/precovid-analyses//data/tmp/freeze/metabolomics-untargeted/metadata/human-precovid-sed-adu_t02-plasma_metab-u-ionpneg_metadata_samples_v1.4.txt	gs://pre-cawg/staging_20260511/metabolomics-untargeted/metadata/human-precovid-sed-adu_t02-plasma_metab-u-ionpneg_metadata_samples_v1.4.txt	gs://motrpac-data-hub/analysis/human-precovid-sed-adu/v1.3/metabolomics-untargeted/metadata/human-precovid-sed-adu_t02-plasma_metab-u-ionpneg_metadata_samples_v1.3.txt	human-precovid-sed-adu_t02-plasma_metab-u-ionpneg_metadata_samples	metab-u-ionpneg	t02-plasma	metadata	samples	1.3	1.4	U7DWyAGIhC3cqMu8odJdQw==	6c91cc964974b01f19fee8058fe3ad69	MODIFIED
/Users/christopherjin/Documents/GitHub/precovid-analyses//data/tmp/freeze/metabolomics-untargeted/metadata/human-precovid-sed-adu_t02-plasma_metab-u-lrpneg_metadata_features_v1.4.txt	gs://pre-cawg/staging_20260511/metabolomics-untargeted/metadata/human-precovid-sed-adu_t02-plasma_metab-u-lrpneg_metadata_features_v1.4.txt	gs://motrpac-data-hub/analysis/human-precovid-sed-adu/v1.3/metabolomics-untargeted/metadata/human-precovid-sed-adu_t02-plasma_metab-u-lrpneg_metadata_features_v1.3.txt	human-precovid-sed-adu_t02-plasma_metab-u-lrpneg_metadata_features	metab-u-lrpneg	t02-plasma	metadata	features	1.3	1.4	Bqc6MPqHDg9HSJSaWmc69w==	8ff82f90b80ac7c45d67720dc478b428	MODIFIED
/Users/christopherjin/Documents/GitHub/precovid-analyses//data/tmp/freeze/metabolomics-untargeted/metadata/human-precovid-sed-adu_t02-plasma_metab-u-lrpneg_metadata_samples_v1.4.txt	gs://pre-cawg/staging_20260511/metabolomics-untargeted/metadata/human-precovid-sed-adu_t02-plasma_metab-u-lrpneg_metadata_samples_v1.4.txt	gs://motrpac-data-hub/analysis/human-precovid-sed-adu/v1.3/metabolomics-untargeted/metadata/human-precovid-sed-adu_t02-plasma_metab-u-lrpneg_metadata_samples_v1.3.txt	human-precovid-sed-adu_t02-plasma_metab-u-lrpneg_metadata_samples	metab-u-lrpneg	t02-plasma	metadata	samples	1.3	1.4	h7kpGgQyINSV2leJq+xPLw==	b2bdc4a0b5ea33e0fd7e70bf9f2d6802	MODIFIED
/Users/christopherjin/Documents/GitHub/precovid-analyses//data/tmp/freeze/metabolomics-untargeted/metadata/human-precovid-sed-adu_t02-plasma_metab-u-lrppos_metadata_features_v1.4.txt	gs://pre-cawg/staging_20260511/metabolomics-untargeted/metadata/human-precovid-sed-adu_t02-plasma_metab-u-lrppos_metadata_features_v1.4.txt	gs://motrpac-data-hub/analysis/human-precovid-sed-adu/v1.3/metabolomics-untargeted/metadata/human-precovid-sed-adu_t02-plasma_metab-u-lrppos_metadata_features_v1.3.txt	human-precovid-sed-adu_t02-plasma_metab-u-lrppos_metadata_features	metab-u-lrppos	t02-plasma	metadata	features	1.3	1.4	nARcl10vOvaN4jQmmW0lRQ==	d553bf44ec21e17dfa368c925d3f416f	MODIFIED
/Users/christopherjin/Documents/GitHub/precovid-analyses//data/tmp/freeze/metabolomics-untargeted/metadata/human-precovid-sed-adu_t02-plasma_metab-u-lrppos_metadata_samples_v1.4.txt	gs://pre-cawg/staging_20260511/metabolomics-untargeted/metadata/human-precovid-sed-adu_t02-plasma_metab-u-lrppos_metadata_samples_v1.4.txt	gs://motrpac-data-hub/analysis/human-precovid-sed-adu/v1.3/metabolomics-untargeted/metadata/human-precovid-sed-adu_t02-plasma_metab-u-lrppos_metadata_samples_v1.3.txt	human-precovid-sed-adu_t02-plasma_metab-u-lrppos_metadata_samples	metab-u-lrppos	t02-plasma	metadata	samples	1.3	1.4	3RY10e1ZhcEORI31SPYakg==	fc4fbea0272f63c4b2fa78dd23cc8bec	MODIFIED
/Users/christopherjin/Documents/GitHub/precovid-analyses//data/tmp/freeze/metabolomics-untargeted/metadata/human-precovid-sed-adu_t02-plasma_metab-u-rpneg_metadata_features_v1.4.txt	gs://pre-cawg/staging_20260511/metabolomics-untargeted/metadata/human-precovid-sed-adu_t02-plasma_metab-u-rpneg_metadata_features_v1.4.txt	gs://motrpac-data-hub/analysis/human-precovid-sed-adu/v1.3/metabolomics-untargeted/metadata/human-precovid-sed-adu_t02-plasma_metab-u-rpneg_metadata_features_v1.3.txt	human-precovid-sed-adu_t02-plasma_metab-u-rpneg_metadata_features	metab-u-rpneg	t02-plasma	metadata	features	1.3	1.4	U3WksQ2uMKCpvJFCf8f8lA==	9ff65a1691a968edc20e294687fc2fcf	MODIFIED
/Users/christopherjin/Documents/GitHub/precovid-analyses//data/tmp/freeze/metabolomics-untargeted/metadata/human-precovid-sed-adu_t02-plasma_metab-u-rpneg_metadata_samples_v1.4.txt	gs://pre-cawg/staging_20260511/metabolomics-untargeted/metadata/human-precovid-sed-adu_t02-plasma_metab-u-rpneg_metadata_samples_v1.4.txt	gs://motrpac-data-hub/analysis/human-precovid-sed-adu/v1.3/metabolomics-untargeted/metadata/human-precovid-sed-adu_t02-plasma_metab-u-rpneg_metadata_samples_v1.3.txt	human-precovid-sed-adu_t02-plasma_metab-u-rpneg_metadata_samples	metab-u-rpneg	t02-plasma	metadata	samples	1.3	1.4	ZLRHY+uFbCXVrYeoGoeVaA==	923d2a77642dea58dd0a0723375c8a8d	MODIFIED
/Users/christopherjin/Documents/GitHub/precovid-analyses//data/tmp/freeze/metabolomics-untargeted/metadata/human-precovid-sed-adu_t02-plasma_metab-u-rppos_metadata_features_v1.4.txt	gs://pre-cawg/staging_20260511/metabolomics-untargeted/metadata/human-precovid-sed-adu_t02-plasma_metab-u-rppos_metadata_features_v1.4.txt	gs://motrpac-data-hub/analysis/human-precovid-sed-adu/v1.3/metabolomics-untargeted/metadata/human-precovid-sed-adu_t02-plasma_metab-u-rppos_metadata_features_v1.3.txt	human-precovid-sed-adu_t02-plasma_metab-u-rppos_metadata_features	metab-u-rppos	t02-plasma	metadata	features	1.3	1.4	vWRLV9rRfBbQmlLOwPHIvQ==	5b4bf39d640eb18af53441c648cbcb5f	MODIFIED
/Users/christopherjin/Documents/GitHub/precovid-analyses//data/tmp/freeze/metabolomics-untargeted/metadata/human-precovid-sed-adu_t02-plasma_metab-u-rppos_metadata_samples_v1.4.txt	gs://pre-cawg/staging_20260511/metabolomics-untargeted/metadata/human-precovid-sed-adu_t02-plasma_metab-u-rppos_metadata_samples_v1.4.txt	gs://motrpac-data-hub/analysis/human-precovid-sed-adu/v1.3/metabolomics-untargeted/metadata/human-precovid-sed-adu_t02-plasma_metab-u-rppos_metadata_samples_v1.3.txt	human-precovid-sed-adu_t02-plasma_metab-u-rppos_metadata_samples	metab-u-rppos	t02-plasma	metadata	samples	1.3	1.4	Zd1KGl6Zzsgxu3FUXEMdTg==	ed7f8b26431b5de4e9ecd8d1b6d53900	MODIFIED
/Users/christopherjin/Documents/GitHub/precovid-analyses//data/tmp/freeze/metabolomics-untargeted/metadata/human-precovid-sed-adu_t06-muscle_metab-u-hilicpos_metadata_features_v1.4.txt	gs://pre-cawg/staging_20260511/metabolomics-untargeted/metadata/human-precovid-sed-adu_t06-muscle_metab-u-hilicpos_metadata_features_v1.4.txt	gs://motrpac-data-hub/analysis/human-precovid-sed-adu/v1.3/metabolomics-untargeted/metadata/human-precovid-sed-adu_t06-muscle_metab-u-hilicpos_metadata_features_v1.3.txt	human-precovid-sed-adu_t06-muscle_metab-u-hilicpos_metadata_features	metab-u-hilicpos	t06-muscle	metadata	features	1.3	1.4	uQznWxlbpOMg4BMgOL4LxQ==	9ca7339a147264373edaad01da3adb3a	MODIFIED
/Users/christopherjin/Documents/GitHub/precovid-analyses//data/tmp/freeze/metabolomics-untargeted/metadata/human-precovid-sed-adu_t06-muscle_metab-u-hilicpos_metadata_samples_v1.4.txt	gs://pre-cawg/staging_20260511/metabolomics-untargeted/metadata/human-precovid-sed-adu_t06-muscle_metab-u-hilicpos_metadata_samples_v1.4.txt	gs://motrpac-data-hub/analysis/human-precovid-sed-adu/v1.3/metabolomics-untargeted/metadata/human-precovid-sed-adu_t06-muscle_metab-u-hilicpos_metadata_samples_v1.3.txt	human-precovid-sed-adu_t06-muscle_metab-u-hilicpos_metadata_samples	metab-u-hilicpos	t06-muscle	metadata	samples	1.3	1.4	Tda/oXW8cA0+kLcLknWY3A==	6c0cbac6d3e5f0cda96a78958921431c	MODIFIED
/Users/christopherjin/Documents/GitHub/precovid-analyses//data/tmp/freeze/metabolomics-untargeted/metadata/human-precovid-sed-adu_t06-muscle_metab-u-ionpneg_metadata_features_v1.4.txt	gs://pre-cawg/staging_20260511/metabolomics-untargeted/metadata/human-precovid-sed-adu_t06-muscle_metab-u-ionpneg_metadata_features_v1.4.txt	gs://motrpac-data-hub/analysis/human-precovid-sed-adu/v1.3/metabolomics-untargeted/metadata/human-precovid-sed-adu_t06-muscle_metab-u-ionpneg_metadata_features_v1.3.txt	human-precovid-sed-adu_t06-muscle_metab-u-ionpneg_metadata_features	metab-u-ionpneg	t06-muscle	metadata	features	1.3	1.4	GETxRWME/MJN8uWGMsN+Jg==	519ed209a8429cba0f67fb10e018cfc3	MODIFIED
/Users/christopherjin/Documents/GitHub/precovid-analyses//data/tmp/freeze/metabolomics-untargeted/metadata/human-precovid-sed-adu_t06-muscle_metab-u-ionpneg_metadata_samples_v1.4.txt	gs://pre-cawg/staging_20260511/metabolomics-untargeted/metadata/human-precovid-sed-adu_t06-muscle_metab-u-ionpneg_metadata_samples_v1.4.txt	gs://motrpac-data-hub/analysis/human-precovid-sed-adu/v1.3/metabolomics-untargeted/metadata/human-precovid-sed-adu_t06-muscle_metab-u-ionpneg_metadata_samples_v1.3.txt	human-precovid-sed-adu_t06-muscle_metab-u-ionpneg_metadata_samples	metab-u-ionpneg	t06-muscle	metadata	samples	1.3	1.4	BxzMk38R1fJzVo8HZQMu6w==	c7aeeb1d679764679b8d3f0061abb628	MODIFIED
/Users/christopherjin/Documents/GitHub/precovid-analyses//data/tmp/freeze/metabolomics-untargeted/metadata/human-precovid-sed-adu_t06-muscle_metab-u-rpneg_metadata_features_v1.4.txt	gs://pre-cawg/staging_20260511/metabolomics-untargeted/metadata/human-precovid-sed-adu_t06-muscle_metab-u-rpneg_metadata_features_v1.4.txt	gs://motrpac-data-hub/analysis/human-precovid-sed-adu/v1.3/metabolomics-untargeted/metadata/human-precovid-sed-adu_t06-muscle_metab-u-rpneg_metadata_features_v1.3.txt	human-precovid-sed-adu_t06-muscle_metab-u-rpneg_metadata_features	metab-u-rpneg	t06-muscle	metadata	features	1.3	1.4	r5G+VQiIFOWemq9eNgPtCg==	9cd237bd18c4cf39db15f985c43a16ab	MODIFIED
/Users/christopherjin/Documents/GitHub/precovid-analyses//data/tmp/freeze/metabolomics-untargeted/metadata/human-precovid-sed-adu_t06-muscle_metab-u-rpneg_metadata_samples_v1.4.txt	gs://pre-cawg/staging_20260511/metabolomics-untargeted/metadata/human-precovid-sed-adu_t06-muscle_metab-u-rpneg_metadata_samples_v1.4.txt	gs://motrpac-data-hub/analysis/human-precovid-sed-adu/v1.3/metabolomics-untargeted/metadata/human-precovid-sed-adu_t06-muscle_metab-u-rpneg_metadata_samples_v1.3.txt	human-precovid-sed-adu_t06-muscle_metab-u-rpneg_metadata_samples	metab-u-rpneg	t06-muscle	metadata	samples	1.3	1.4	W6fLD0kn52mRqRhP+F6JBw==	313ff6314d5b3b7ec90493594491ba4c	MODIFIED
/Users/christopherjin/Documents/GitHub/precovid-analyses//data/tmp/freeze/metabolomics-untargeted/metadata/human-precovid-sed-adu_t06-muscle_metab-u-rppos_metadata_features_v1.4.txt	gs://pre-cawg/staging_20260511/metabolomics-untargeted/metadata/human-precovid-sed-adu_t06-muscle_metab-u-rppos_metadata_features_v1.4.txt	gs://motrpac-data-hub/analysis/human-precovid-sed-adu/v1.3/metabolomics-untargeted/metadata/human-precovid-sed-adu_t06-muscle_metab-u-rppos_metadata_features_v1.3.txt	human-precovid-sed-adu_t06-muscle_metab-u-rppos_metadata_features	metab-u-rppos	t06-muscle	metadata	features	1.3	1.4	QEQ6C8BoW1UWYtgLxPDRPQ==	7219ec68bd4e9fb7ffe27b49adfc17c7	MODIFIED
/Users/christopherjin/Documents/GitHub/precovid-analyses//data/tmp/freeze/metabolomics-untargeted/metadata/human-precovid-sed-adu_t06-muscle_metab-u-rppos_metadata_samples_v1.4.txt	gs://pre-cawg/staging_20260511/metabolomics-untargeted/metadata/human-precovid-sed-adu_t06-muscle_metab-u-rppos_metadata_samples_v1.4.txt	gs://motrpac-data-hub/analysis/human-precovid-sed-adu/v1.3/metabolomics-untargeted/metadata/human-precovid-sed-adu_t06-muscle_metab-u-rppos_metadata_samples_v1.3.txt	human-precovid-sed-adu_t06-muscle_metab-u-rppos_metadata_samples	metab-u-rppos	t06-muscle	metadata	samples	1.3	1.4	QsjAOEYOl9ZhqjWQv4sNvw==	c8c7215fff5764ab1959cedbad918718	MODIFIED
/Users/christopherjin/Documents/GitHub/precovid-analyses//data/tmp/freeze/metabolomics-untargeted/metadata/human-precovid-sed-adu_t10-muscle_metab-u-lrpneg_metadata_features_v1.4.txt	gs://pre-cawg/staging_20260511/metabolomics-untargeted/metadata/human-precovid-sed-adu_t10-muscle_metab-u-lrpneg_metadata_features_v1.4.txt	gs://motrpac-data-hub/analysis/human-precovid-sed-adu/v1.3/metabolomics-untargeted/metadata/human-precovid-sed-adu_t10-muscle_metab-u-lrpneg_metadata_features_v1.3.txt	human-precovid-sed-adu_t10-muscle_metab-u-lrpneg_metadata_features	metab-u-lrpneg	t10-muscle	metadata	features	1.3	1.4	kDNnJ4FoAudG5bSvnXeBFg==	a70bd4d6d0efc420d66f92d496ebd51d	MODIFIED
/Users/christopherjin/Documents/GitHub/precovid-analyses//data/tmp/freeze/metabolomics-untargeted/metadata/human-precovid-sed-adu_t10-muscle_metab-u-lrpneg_metadata_samples_v1.4.txt	gs://pre-cawg/staging_20260511/metabolomics-untargeted/metadata/human-precovid-sed-adu_t10-muscle_metab-u-lrpneg_metadata_samples_v1.4.txt	gs://motrpac-data-hub/analysis/human-precovid-sed-adu/v1.3/metabolomics-untargeted/metadata/human-precovid-sed-adu_t10-muscle_metab-u-lrpneg_metadata_samples_v1.3.txt	human-precovid-sed-adu_t10-muscle_metab-u-lrpneg_metadata_samples	metab-u-lrpneg	t10-muscle	metadata	samples	1.3	1.4	6PHSdYals722SeOljoHojw==	9f95bdf430b3c36ae5a7fb890bd9128f	MODIFIED
/Users/christopherjin/Documents/GitHub/precovid-analyses//data/tmp/freeze/metabolomics-untargeted/metadata/human-precovid-sed-adu_t10-muscle_metab-u-lrppos_metadata_features_v1.4.txt	gs://pre-cawg/staging_20260511/metabolomics-untargeted/metadata/human-precovid-sed-adu_t10-muscle_metab-u-lrppos_metadata_features_v1.4.txt	gs://motrpac-data-hub/analysis/human-precovid-sed-adu/v1.3/metabolomics-untargeted/metadata/human-precovid-sed-adu_t10-muscle_metab-u-lrppos_metadata_features_v1.3.txt	human-precovid-sed-adu_t10-muscle_metab-u-lrppos_metadata_features	metab-u-lrppos	t10-muscle	metadata	features	1.3	1.4	wmbUGSNsBnOCjFlXJ/3pPw==	f19460c3ed93450bbb77c6d99fb5cf5d	MODIFIED
/Users/christopherjin/Documents/GitHub/precovid-analyses//data/tmp/freeze/metabolomics-untargeted/metadata/human-precovid-sed-adu_t10-muscle_metab-u-lrppos_metadata_samples_v1.4.txt	gs://pre-cawg/staging_20260511/metabolomics-untargeted/metadata/human-precovid-sed-adu_t10-muscle_metab-u-lrppos_metadata_samples_v1.4.txt	gs://motrpac-data-hub/analysis/human-precovid-sed-adu/v1.3/metabolomics-untargeted/metadata/human-precovid-sed-adu_t10-muscle_metab-u-lrppos_metadata_samples_v1.3.txt	human-precovid-sed-adu_t10-muscle_metab-u-lrppos_metadata_samples	metab-u-lrppos	t10-muscle	metadata	samples	1.3	1.4	Z90gLmZNmiw9U5OXzJKAFw==	62f6c2cf5fd9e945ae657d8cbb1a2db6	MODIFIED
/Users/christopherjin/Documents/GitHub/precovid-analyses//data/tmp/freeze/metabolomics-untargeted/metadata/human-precovid-sed-adu_t11-adipose_metab-u-hilicpos_metadata_features_v1.4.txt	gs://pre-cawg/staging_20260511/metabolomics-untargeted/metadata/human-precovid-sed-adu_t11-adipose_metab-u-hilicpos_metadata_features_v1.4.txt	gs://motrpac-data-hub/analysis/human-precovid-sed-adu/v1.3/metabolomics-untargeted/metadata/human-precovid-sed-adu_t11-adipose_metab-u-hilicpos_metadata_features_v1.3.txt	human-precovid-sed-adu_t11-adipose_metab-u-hilicpos_metadata_features	metab-u-hilicpos	t11-adipose	metadata	features	1.3	1.4	ZCFFwnvjxNkerzrlahAXOQ==	9b7cac08c2d508fb4384195fb25ecf0b	MODIFIED
/Users/christopherjin/Documents/GitHub/precovid-analyses//data/tmp/freeze/metabolomics-untargeted/metadata/human-precovid-sed-adu_t11-adipose_metab-u-hilicpos_metadata_samples_v1.4.txt	gs://pre-cawg/staging_20260511/metabolomics-untargeted/metadata/human-precovid-sed-adu_t11-adipose_metab-u-hilicpos_metadata_samples_v1.4.txt	gs://motrpac-data-hub/analysis/human-precovid-sed-adu/v1.3/metabolomics-untargeted/metadata/human-precovid-sed-adu_t11-adipose_metab-u-hilicpos_metadata_samples_v1.3.txt	human-precovid-sed-adu_t11-adipose_metab-u-hilicpos_metadata_samples	metab-u-hilicpos	t11-adipose	metadata	samples	1.3	1.4	7aEoP0Jy3yGCpcp+1njvaw==	c420ca14669d4f735ac5c33e19bf36e7	MODIFIED
/Users/christopherjin/Documents/GitHub/precovid-analyses//data/tmp/freeze/metabolomics-untargeted/metadata/human-precovid-sed-adu_t11-adipose_metab-u-ionpneg_metadata_features_v1.4.txt	gs://pre-cawg/staging_20260511/metabolomics-untargeted/metadata/human-precovid-sed-adu_t11-adipose_metab-u-ionpneg_metadata_features_v1.4.txt	gs://motrpac-data-hub/analysis/human-precovid-sed-adu/v1.3/metabolomics-untargeted/metadata/human-precovid-sed-adu_t11-adipose_metab-u-ionpneg_metadata_features_v1.3.txt	human-precovid-sed-adu_t11-adipose_metab-u-ionpneg_metadata_features	metab-u-ionpneg	t11-adipose	metadata	features	1.3	1.4	HXjxVaDk3N2U4KJxAQJ6ng==	15ba3247af28e9f7c91d786945d9577d	MODIFIED
/Users/christopherjin/Documents/GitHub/precovid-analyses//data/tmp/freeze/metabolomics-untargeted/metadata/human-precovid-sed-adu_t11-adipose_metab-u-ionpneg_metadata_samples_v1.4.txt	gs://pre-cawg/staging_20260511/metabolomics-untargeted/metadata/human-precovid-sed-adu_t11-adipose_metab-u-ionpneg_metadata_samples_v1.4.txt	gs://motrpac-data-hub/analysis/human-precovid-sed-adu/v1.3/metabolomics-untargeted/metadata/human-precovid-sed-adu_t11-adipose_metab-u-ionpneg_metadata_samples_v1.3.txt	human-precovid-sed-adu_t11-adipose_metab-u-ionpneg_metadata_samples	metab-u-ionpneg	t11-adipose	metadata	samples	1.3	1.4	XyeCQn3/csgeTOp3wRCfTg==	71be9dd3eb46b63791f60b400d5b5f25	MODIFIED
/Users/christopherjin/Documents/GitHub/precovid-analyses//data/tmp/freeze/metabolomics-untargeted/metadata/human-precovid-sed-adu_t11-adipose_metab-u-lrpneg_metadata_features_v1.4.txt	gs://pre-cawg/staging_20260511/metabolomics-untargeted/metadata/human-precovid-sed-adu_t11-adipose_metab-u-lrpneg_metadata_features_v1.4.txt	gs://motrpac-data-hub/analysis/human-precovid-sed-adu/v1.3/metabolomics-untargeted/metadata/human-precovid-sed-adu_t11-adipose_metab-u-lrpneg_metadata_features_v1.3.txt	human-precovid-sed-adu_t11-adipose_metab-u-lrpneg_metadata_features	metab-u-lrpneg	t11-adipose	metadata	features	1.3	1.4	1chiIo+bOceJOyrKggE3cA==	549cca6b655c6e9cdb307f46a18a282f	MODIFIED
/Users/christopherjin/Documents/GitHub/precovid-analyses//data/tmp/freeze/metabolomics-untargeted/metadata/human-precovid-sed-adu_t11-adipose_metab-u-lrpneg_metadata_samples_v1.4.txt	gs://pre-cawg/staging_20260511/metabolomics-untargeted/metadata/human-precovid-sed-adu_t11-adipose_metab-u-lrpneg_metadata_samples_v1.4.txt	gs://motrpac-data-hub/analysis/human-precovid-sed-adu/v1.3/metabolomics-untargeted/metadata/human-precovid-sed-adu_t11-adipose_metab-u-lrpneg_metadata_samples_v1.3.txt	human-precovid-sed-adu_t11-adipose_metab-u-lrpneg_metadata_samples	metab-u-lrpneg	t11-adipose	metadata	samples	1.3	1.4	vwQbHVYykgIaX39tEzFlIw==	92ab7e60de635b3fef471c756cbcad56	MODIFIED
/Users/christopherjin/Documents/GitHub/precovid-analyses//data/tmp/freeze/metabolomics-untargeted/metadata/human-precovid-sed-adu_t11-adipose_metab-u-lrppos_metadata_features_v1.4.txt	gs://pre-cawg/staging_20260511/metabolomics-untargeted/metadata/human-precovid-sed-adu_t11-adipose_metab-u-lrppos_metadata_features_v1.4.txt	gs://motrpac-data-hub/analysis/human-precovid-sed-adu/v1.3/metabolomics-untargeted/metadata/human-precovid-sed-adu_t11-adipose_metab-u-lrppos_metadata_features_v1.3.txt	human-precovid-sed-adu_t11-adipose_metab-u-lrppos_metadata_features	metab-u-lrppos	t11-adipose	metadata	features	1.3	1.4	rbLSTUrU4RQes/ZA4FSEuA==	8d5a13a9e16f1f4c5de333adde263050	MODIFIED
/Users/christopherjin/Documents/GitHub/precovid-analyses//data/tmp/freeze/metabolomics-untargeted/metadata/human-precovid-sed-adu_t11-adipose_metab-u-lrppos_metadata_samples_v1.4.txt	gs://pre-cawg/staging_20260511/metabolomics-untargeted/metadata/human-precovid-sed-adu_t11-adipose_metab-u-lrppos_metadata_samples_v1.4.txt	gs://motrpac-data-hub/analysis/human-precovid-sed-adu/v1.3/metabolomics-untargeted/metadata/human-precovid-sed-adu_t11-adipose_metab-u-lrppos_metadata_samples_v1.3.txt	human-precovid-sed-adu_t11-adipose_metab-u-lrppos_metadata_samples	metab-u-lrppos	t11-adipose	metadata	samples	1.3	1.4	2isRQC1TESbX42oMJ+1wYg==	cf68370c6c39cff3a8dc959db8bbb817	MODIFIED
/Users/christopherjin/Documents/GitHub/precovid-analyses//data/tmp/freeze/metabolomics-untargeted/metadata/human-precovid-sed-adu_t11-adipose_metab-u-rpneg_metadata_features_v1.4.txt	gs://pre-cawg/staging_20260511/metabolomics-untargeted/metadata/human-precovid-sed-adu_t11-adipose_metab-u-rpneg_metadata_features_v1.4.txt	gs://motrpac-data-hub/analysis/human-precovid-sed-adu/v1.3/metabolomics-untargeted/metadata/human-precovid-sed-adu_t11-adipose_metab-u-rpneg_metadata_features_v1.3.txt	human-precovid-sed-adu_t11-adipose_metab-u-rpneg_metadata_features	metab-u-rpneg	t11-adipose	metadata	features	1.3	1.4	tzY7U0ORErsCWVRqs0NWkw==	71bf48f8ac4ab3f4c64c855b9b056169	MODIFIED
/Users/christopherjin/Documents/GitHub/precovid-analyses//data/tmp/freeze/metabolomics-untargeted/metadata/human-precovid-sed-adu_t11-adipose_metab-u-rpneg_metadata_samples_v1.4.txt	gs://pre-cawg/staging_20260511/metabolomics-untargeted/metadata/human-precovid-sed-adu_t11-adipose_metab-u-rpneg_metadata_samples_v1.4.txt	gs://motrpac-data-hub/analysis/human-precovid-sed-adu/v1.3/metabolomics-untargeted/metadata/human-precovid-sed-adu_t11-adipose_metab-u-rpneg_metadata_samples_v1.3.txt	human-precovid-sed-adu_t11-adipose_metab-u-rpneg_metadata_samples	metab-u-rpneg	t11-adipose	metadata	samples	1.3	1.4	/SQJATY9r2abydFf6QQQkw==	708d534f069780fcdf84f603c458bfb2	MODIFIED
/Users/christopherjin/Documents/GitHub/precovid-analyses//data/tmp/freeze/metabolomics-untargeted/metadata/human-precovid-sed-adu_t11-adipose_metab-u-rppos_metadata_features_v1.4.txt	gs://pre-cawg/staging_20260511/metabolomics-untargeted/metadata/human-precovid-sed-adu_t11-adipose_metab-u-rppos_metadata_features_v1.4.txt	gs://motrpac-data-hub/analysis/human-precovid-sed-adu/v1.3/metabolomics-untargeted/metadata/human-precovid-sed-adu_t11-adipose_metab-u-rppos_metadata_features_v1.3.txt	human-precovid-sed-adu_t11-adipose_metab-u-rppos_metadata_features	metab-u-rppos	t11-adipose	metadata	features	1.3	1.4	Z0EvZ/Dz2O98Pl6dL+lI7w==	8dc7be4ee54084f6e72b3e3a74c79549	MODIFIED
/Users/christopherjin/Documents/GitHub/precovid-analyses//data/tmp/freeze/metabolomics-untargeted/metadata/human-precovid-sed-adu_t11-adipose_metab-u-rppos_metadata_samples_v1.4.txt	gs://pre-cawg/staging_20260511/metabolomics-untargeted/metadata/human-precovid-sed-adu_t11-adipose_metab-u-rppos_metadata_samples_v1.4.txt	gs://motrpac-data-hub/analysis/human-precovid-sed-adu/v1.3/metabolomics-untargeted/metadata/human-precovid-sed-adu_t11-adipose_metab-u-rppos_metadata_samples_v1.3.txt	human-precovid-sed-adu_t11-adipose_metab-u-rppos_metadata_samples	metab-u-rppos	t11-adipose	metadata	samples	1.3	1.4	A7b2z2qwdKWGGOtyJClFsg==	e37fe9df36e40ec40863d01c96b9232f	MODIFIED
/Users/christopherjin/Documents/GitHub/precovid-analyses//data/tmp/freeze/metabolomics-untargeted/qc-norm/human-precovid-sed-adu_t02-plasma_metab-u-hilicpos_qc-norm_log2_v1.4.txt	gs://pre-cawg/staging_20260511/metabolomics-untargeted/qc-norm/human-precovid-sed-adu_t02-plasma_metab-u-hilicpos_qc-norm_log2_v1.4.txt	gs://motrpac-data-hub/analysis/human-precovid-sed-adu/v1.3/metabolomics-untargeted/qc-norm/human-precovid-sed-adu_t02-plasma_metab-u-hilicpos_qc-norm_log2_v1.3.txt	human-precovid-sed-adu_t02-plasma_metab-u-hilicpos_qc-norm_log2	metab-u-hilicpos	t02-plasma	qc-norm	log2	1.3	1.4	XLGSvFcQRP/0Prl/dRLAzw==	5cb192bc571044fff43eb97f7512c0cf	MODIFIED
/Users/christopherjin/Documents/GitHub/precovid-analyses//data/tmp/freeze/metabolomics-untargeted/qc-norm/human-precovid-sed-adu_t02-plasma_metab-u-ionpneg_qc-norm_log2_v1.4.txt	gs://pre-cawg/staging_20260511/metabolomics-untargeted/qc-norm/human-precovid-sed-adu_t02-plasma_metab-u-ionpneg_qc-norm_log2_v1.4.txt	gs://motrpac-data-hub/analysis/human-precovid-sed-adu/v1.3/metabolomics-untargeted/qc-norm/human-precovid-sed-adu_t02-plasma_metab-u-ionpneg_qc-norm_log2_v1.3.txt	human-precovid-sed-adu_t02-plasma_metab-u-ionpneg_qc-norm_log2	metab-u-ionpneg	t02-plasma	qc-norm	log2	1.3	1.4	6CwwAjLSHO135S9heK97pg==	e82c300232d21ced77e52f6178af7ba6	MODIFIED
/Users/christopherjin/Documents/GitHub/precovid-analyses//data/tmp/freeze/metabolomics-untargeted/qc-norm/human-precovid-sed-adu_t02-plasma_metab-u-lrpneg_qc-norm_log2_v1.4.txt	gs://pre-cawg/staging_20260511/metabolomics-untargeted/qc-norm/human-precovid-sed-adu_t02-plasma_metab-u-lrpneg_qc-norm_log2_v1.4.txt	gs://motrpac-data-hub/analysis/human-precovid-sed-adu/v1.3/metabolomics-untargeted/qc-norm/human-precovid-sed-adu_t02-plasma_metab-u-lrpneg_qc-norm_log2_v1.3.txt	human-precovid-sed-adu_t02-plasma_metab-u-lrpneg_qc-norm_log2	metab-u-lrpneg	t02-plasma	qc-norm	log2	1.3	1.4	cnWXgluEqwVBHM60HNneaQ==	727597825b84ab05411cceb41cd9de69	MODIFIED
/Users/christopherjin/Documents/GitHub/precovid-analyses//data/tmp/freeze/metabolomics-untargeted/qc-norm/human-precovid-sed-adu_t02-plasma_metab-u-lrppos_qc-norm_log2_v1.4.txt	gs://pre-cawg/staging_20260511/metabolomics-untargeted/qc-norm/human-precovid-sed-adu_t02-plasma_metab-u-lrppos_qc-norm_log2_v1.4.txt	gs://motrpac-data-hub/analysis/human-precovid-sed-adu/v1.3/metabolomics-untargeted/qc-norm/human-precovid-sed-adu_t02-plasma_metab-u-lrppos_qc-norm_log2_v1.3.txt	human-precovid-sed-adu_t02-plasma_metab-u-lrppos_qc-norm_log2	metab-u-lrppos	t02-plasma	qc-norm	log2	1.3	1.4	8XgKKEBjCRNBaT2x8Kuwxg==	f1780a284063091341693db1f0abb0c6	MODIFIED
/Users/christopherjin/Documents/GitHub/precovid-analyses//data/tmp/freeze/metabolomics-untargeted/qc-norm/human-precovid-sed-adu_t02-plasma_metab-u-rpneg_qc-norm_log2_v1.4.txt	gs://pre-cawg/staging_20260511/metabolomics-untargeted/qc-norm/human-precovid-sed-adu_t02-plasma_metab-u-rpneg_qc-norm_log2_v1.4.txt	gs://motrpac-data-hub/analysis/human-precovid-sed-adu/v1.3/metabolomics-untargeted/qc-norm/human-precovid-sed-adu_t02-plasma_metab-u-rpneg_qc-norm_log2_v1.3.txt	human-precovid-sed-adu_t02-plasma_metab-u-rpneg_qc-norm_log2	metab-u-rpneg	t02-plasma	qc-norm	log2	1.3	1.4	XUi3tiiPdXCY0jxMnbZirQ==	5d48b7b6288f757098d23c4c9db662ad	MODIFIED
/Users/christopherjin/Documents/GitHub/precovid-analyses//data/tmp/freeze/metabolomics-untargeted/qc-norm/human-precovid-sed-adu_t02-plasma_metab-u-rppos_qc-norm_log2_v1.4.txt	gs://pre-cawg/staging_20260511/metabolomics-untargeted/qc-norm/human-precovid-sed-adu_t02-plasma_metab-u-rppos_qc-norm_log2_v1.4.txt	gs://motrpac-data-hub/analysis/human-precovid-sed-adu/v1.3/metabolomics-untargeted/qc-norm/human-precovid-sed-adu_t02-plasma_metab-u-rppos_qc-norm_log2_v1.3.txt	human-precovid-sed-adu_t02-plasma_metab-u-rppos_qc-norm_log2	metab-u-rppos	t02-plasma	qc-norm	log2	1.3	1.4	mREEeik7CmSBdD0QimqpUg==	9911047a293b0a6481743d108a6aa952	MODIFIED
/Users/christopherjin/Documents/GitHub/precovid-analyses//data/tmp/freeze/metabolomics-untargeted/qc-norm/human-precovid-sed-adu_t06-muscle_metab-u-hilicpos_qc-norm_log2_v1.4.txt	gs://pre-cawg/staging_20260511/metabolomics-untargeted/qc-norm/human-precovid-sed-adu_t06-muscle_metab-u-hilicpos_qc-norm_log2_v1.4.txt	gs://motrpac-data-hub/analysis/human-precovid-sed-adu/v1.3/metabolomics-untargeted/qc-norm/human-precovid-sed-adu_t06-muscle_metab-u-hilicpos_qc-norm_log2_v1.3.txt	human-precovid-sed-adu_t06-muscle_metab-u-hilicpos_qc-norm_log2	metab-u-hilicpos	t06-muscle	qc-norm	log2	1.3	1.4	ODEEQvE4CK0iWnJkgBa6cQ==	38310442f13808ad225a72648016ba71	MODIFIED
/Users/christopherjin/Documents/GitHub/precovid-analyses//data/tmp/freeze/metabolomics-untargeted/qc-norm/human-precovid-sed-adu_t06-muscle_metab-u-ionpneg_qc-norm_log2_v1.4.txt	gs://pre-cawg/staging_20260511/metabolomics-untargeted/qc-norm/human-precovid-sed-adu_t06-muscle_metab-u-ionpneg_qc-norm_log2_v1.4.txt	gs://motrpac-data-hub/analysis/human-precovid-sed-adu/v1.3/metabolomics-untargeted/qc-norm/human-precovid-sed-adu_t06-muscle_metab-u-ionpneg_qc-norm_log2_v1.3.txt	human-precovid-sed-adu_t06-muscle_metab-u-ionpneg_qc-norm_log2	metab-u-ionpneg	t06-muscle	qc-norm	log2	1.3	1.4	wSpgOBozsNpT4LRxRZKCCA==	c12a60381a33b0da53e0b47145928208	MODIFIED
/Users/christopherjin/Documents/GitHub/precovid-analyses//data/tmp/freeze/metabolomics-untargeted/qc-norm/human-precovid-sed-adu_t06-muscle_metab-u-rpneg_qc-norm_log2_v1.4.txt	gs://pre-cawg/staging_20260511/metabolomics-untargeted/qc-norm/human-precovid-sed-adu_t06-muscle_metab-u-rpneg_qc-norm_log2_v1.4.txt	gs://motrpac-data-hub/analysis/human-precovid-sed-adu/v1.3/metabolomics-untargeted/qc-norm/human-precovid-sed-adu_t06-muscle_metab-u-rpneg_qc-norm_log2_v1.3.txt	human-precovid-sed-adu_t06-muscle_metab-u-rpneg_qc-norm_log2	metab-u-rpneg	t06-muscle	qc-norm	log2	1.3	1.4	/qO6g3b9wqjIfceUK6dXkg==	fea3ba8376fdc2a8c87dc7942ba75792	MODIFIED
/Users/christopherjin/Documents/GitHub/precovid-analyses//data/tmp/freeze/metabolomics-untargeted/qc-norm/human-precovid-sed-adu_t06-muscle_metab-u-rppos_qc-norm_log2_v1.4.txt	gs://pre-cawg/staging_20260511/metabolomics-untargeted/qc-norm/human-precovid-sed-adu_t06-muscle_metab-u-rppos_qc-norm_log2_v1.4.txt	gs://motrpac-data-hub/analysis/human-precovid-sed-adu/v1.3/metabolomics-untargeted/qc-norm/human-precovid-sed-adu_t06-muscle_metab-u-rppos_qc-norm_log2_v1.3.txt	human-precovid-sed-adu_t06-muscle_metab-u-rppos_qc-norm_log2	metab-u-rppos	t06-muscle	qc-norm	log2	1.3	1.4	V73/OWKV9Kng+ppWghtT6Q==	57bdff396295f4a9e0fa9a56821b53e9	MODIFIED
/Users/christopherjin/Documents/GitHub/precovid-analyses//data/tmp/freeze/metabolomics-untargeted/qc-norm/human-precovid-sed-adu_t10-muscle_metab-u-lrpneg_qc-norm_log2_v1.4.txt	gs://pre-cawg/staging_20260511/metabolomics-untargeted/qc-norm/human-precovid-sed-adu_t10-muscle_metab-u-lrpneg_qc-norm_log2_v1.4.txt	gs://motrpac-data-hub/analysis/human-precovid-sed-adu/v1.3/metabolomics-untargeted/qc-norm/human-precovid-sed-adu_t10-muscle_metab-u-lrpneg_qc-norm_log2_v1.3.txt	human-precovid-sed-adu_t10-muscle_metab-u-lrpneg_qc-norm_log2	metab-u-lrpneg	t10-muscle	qc-norm	log2	1.3	1.4	HDcMSeJucxWcUJ3xyiQAWg==	1c370c49e26e73159c509df1ca24005a	MODIFIED
/Users/christopherjin/Documents/GitHub/precovid-analyses//data/tmp/freeze/metabolomics-untargeted/qc-norm/human-precovid-sed-adu_t10-muscle_metab-u-lrppos_qc-norm_log2_v1.4.txt	gs://pre-cawg/staging_20260511/metabolomics-untargeted/qc-norm/human-precovid-sed-adu_t10-muscle_metab-u-lrppos_qc-norm_log2_v1.4.txt	gs://motrpac-data-hub/analysis/human-precovid-sed-adu/v1.3/metabolomics-untargeted/qc-norm/human-precovid-sed-adu_t10-muscle_metab-u-lrppos_qc-norm_log2_v1.3.txt	human-precovid-sed-adu_t10-muscle_metab-u-lrppos_qc-norm_log2	metab-u-lrppos	t10-muscle	qc-norm	log2	1.3	1.4	k2uCVmFI+qrg1xlAVTub7g==	936b82566148faaae0d71940553b9bee	MODIFIED
/Users/christopherjin/Documents/GitHub/precovid-analyses//data/tmp/freeze/metabolomics-untargeted/qc-norm/human-precovid-sed-adu_t11-adipose_metab-u-hilicpos_qc-norm_log2_v1.4.txt	gs://pre-cawg/staging_20260511/metabolomics-untargeted/qc-norm/human-precovid-sed-adu_t11-adipose_metab-u-hilicpos_qc-norm_log2_v1.4.txt	gs://motrpac-data-hub/analysis/human-precovid-sed-adu/v1.3/metabolomics-untargeted/qc-norm/human-precovid-sed-adu_t11-adipose_metab-u-hilicpos_qc-norm_log2_v1.3.txt	human-precovid-sed-adu_t11-adipose_metab-u-hilicpos_qc-norm_log2	metab-u-hilicpos	t11-adipose	qc-norm	log2	1.3	1.4	qSJ4PYYH9Q7gAdkr2cyoaw==	a922783d8607f50ee001d92bd9cca86b	MODIFIED
/Users/christopherjin/Documents/GitHub/precovid-analyses//data/tmp/freeze/metabolomics-untargeted/qc-norm/human-precovid-sed-adu_t11-adipose_metab-u-ionpneg_qc-norm_log2_v1.4.txt	gs://pre-cawg/staging_20260511/metabolomics-untargeted/qc-norm/human-precovid-sed-adu_t11-adipose_metab-u-ionpneg_qc-norm_log2_v1.4.txt	gs://motrpac-data-hub/analysis/human-precovid-sed-adu/v1.3/metabolomics-untargeted/qc-norm/human-precovid-sed-adu_t11-adipose_metab-u-ionpneg_qc-norm_log2_v1.3.txt	human-precovid-sed-adu_t11-adipose_metab-u-ionpneg_qc-norm_log2	metab-u-ionpneg	t11-adipose	qc-norm	log2	1.3	1.4	tTho5ZzOeViSPq+5X8PsQQ==	b53868e59cce7958923eafb95fc3ec41	MODIFIED
/Users/christopherjin/Documents/GitHub/precovid-analyses//data/tmp/freeze/metabolomics-untargeted/qc-norm/human-precovid-sed-adu_t11-adipose_metab-u-lrpneg_qc-norm_log2_v1.4.txt	gs://pre-cawg/staging_20260511/metabolomics-untargeted/qc-norm/human-precovid-sed-adu_t11-adipose_metab-u-lrpneg_qc-norm_log2_v1.4.txt	gs://motrpac-data-hub/analysis/human-precovid-sed-adu/v1.3/metabolomics-untargeted/qc-norm/human-precovid-sed-adu_t11-adipose_metab-u-lrpneg_qc-norm_log2_v1.3.txt	human-precovid-sed-adu_t11-adipose_metab-u-lrpneg_qc-norm_log2	metab-u-lrpneg	t11-adipose	qc-norm	log2	1.3	1.4	alQjK1r80obU1p2cS9YtuQ==	6a54232b5afcd286d4d69d9c4bd62db9	MODIFIED
/Users/christopherjin/Documents/GitHub/precovid-analyses//data/tmp/freeze/metabolomics-untargeted/qc-norm/human-precovid-sed-adu_t11-adipose_metab-u-lrppos_qc-norm_log2_v1.4.txt	gs://pre-cawg/staging_20260511/metabolomics-untargeted/qc-norm/human-precovid-sed-adu_t11-adipose_metab-u-lrppos_qc-norm_log2_v1.4.txt	gs://motrpac-data-hub/analysis/human-precovid-sed-adu/v1.3/metabolomics-untargeted/qc-norm/human-precovid-sed-adu_t11-adipose_metab-u-lrppos_qc-norm_log2_v1.3.txt	human-precovid-sed-adu_t11-adipose_metab-u-lrppos_qc-norm_log2	metab-u-lrppos	t11-adipose	qc-norm	log2	1.3	1.4	3Jt9BD9nNqxamCY4CE7EXw==	dc9b7d043f6736ac5a982638084ec45f	MODIFIED
/Users/christopherjin/Documents/GitHub/precovid-analyses//data/tmp/freeze/metabolomics-untargeted/qc-norm/human-precovid-sed-adu_t11-adipose_metab-u-rpneg_qc-norm_log2_v1.4.txt	gs://pre-cawg/staging_20260511/metabolomics-untargeted/qc-norm/human-precovid-sed-adu_t11-adipose_metab-u-rpneg_qc-norm_log2_v1.4.txt	gs://motrpac-data-hub/analysis/human-precovid-sed-adu/v1.3/metabolomics-untargeted/qc-norm/human-precovid-sed-adu_t11-adipose_metab-u-rpneg_qc-norm_log2_v1.3.txt	human-precovid-sed-adu_t11-adipose_metab-u-rpneg_qc-norm_log2	metab-u-rpneg	t11-adipose	qc-norm	log2	1.3	1.4	qRxZIXJiH5RZCysR0GFDJA==	a91c592172621f94590b2b11d0614324	MODIFIED
/Users/christopherjin/Documents/GitHub/precovid-analyses//data/tmp/freeze/metabolomics-untargeted/qc-norm/human-precovid-sed-adu_t11-adipose_metab-u-rppos_qc-norm_log2_v1.4.txt	gs://pre-cawg/staging_20260511/metabolomics-untargeted/qc-norm/human-precovid-sed-adu_t11-adipose_metab-u-rppos_qc-norm_log2_v1.4.txt	gs://motrpac-data-hub/analysis/human-precovid-sed-adu/v1.3/metabolomics-untargeted/qc-norm/human-precovid-sed-adu_t11-adipose_metab-u-rppos_qc-norm_log2_v1.3.txt	human-precovid-sed-adu_t11-adipose_metab-u-rppos_qc-norm_log2	metab-u-rppos	t11-adipose	qc-norm	log2	1.3	1.4	3qYRg4arKqt25FgklkDekg==	dea6118386ab2aab76e458249640de92	MODIFIED
/Users/christopherjin/Documents/GitHub/precovid-analyses//data/tmp/freeze/proteomics/metadata/human-precovid-sed-adu_t02-plasma_prot-ol_metadata_features_v1.4.txt	gs://pre-cawg/staging_20260511/proteomics/metadata/human-precovid-sed-adu_t02-plasma_prot-ol_metadata_features_v1.4.txt	gs://motrpac-data-hub/analysis/human-precovid-sed-adu/v1.3/proteomics/metadata/human-precovid-sed-adu_t02-plasma_prot-ol_metadata_features_v1.2.txt	human-precovid-sed-adu_t02-plasma_prot-ol_metadata_features	prot-ol	t02-plasma	metadata	features	1.2	1.4	tVNNaEtJWXICxfYE33itcw==	bbe5849cddfe51a6278d49ce66f57dec	MODIFIED
/Users/christopherjin/Documents/GitHub/precovid-analyses//data/tmp/freeze/proteomics/metadata/human-precovid-sed-adu_t07-adipose_prot-ph_metadata_features_v1.4.txt	gs://pre-cawg/staging_20260511/proteomics/metadata/human-precovid-sed-adu_t07-adipose_prot-ph_metadata_features_v1.4.txt	gs://motrpac-data-hub/analysis/human-precovid-sed-adu/v1.3/proteomics/metadata/human-precovid-sed-adu_t07-adipose_prot-ph_metadata_features_v1.2.txt	human-precovid-sed-adu_t07-adipose_prot-ph_metadata_features	prot-ph	t07-adipose	metadata	features	1.2	1.4	CdQZNVfeKTveDPReos3Lxg==	40cba6d6124371e94a0f4ef475c15b49	MODIFIED
/Users/christopherjin/Documents/GitHub/precovid-analyses//data/tmp/freeze/proteomics/metadata/human-precovid-sed-adu_t07-adipose_prot-pr_metadata_features_v1.4.txt	gs://pre-cawg/staging_20260511/proteomics/metadata/human-precovid-sed-adu_t07-adipose_prot-pr_metadata_features_v1.4.txt	gs://motrpac-data-hub/analysis/human-precovid-sed-adu/v1.3/proteomics/metadata/human-precovid-sed-adu_t07-adipose_prot-pr_metadata_features_v1.2.txt	human-precovid-sed-adu_t07-adipose_prot-pr_metadata_features	prot-pr	t07-adipose	metadata	features	1.2	1.4	ObgM+57qkAQcbGWsL7zJ5g==	0717eabc0e12df9abef3f5b95445f141	MODIFIED
/Users/christopherjin/Documents/GitHub/precovid-analyses//data/tmp/freeze/proteomics/metadata/human-precovid-sed-adu_t10-muscle_prot-ph_metadata_features_v1.4.txt	gs://pre-cawg/staging_20260511/proteomics/metadata/human-precovid-sed-adu_t10-muscle_prot-ph_metadata_features_v1.4.txt	gs://motrpac-data-hub/analysis/human-precovid-sed-adu/v1.3/proteomics/metadata/human-precovid-sed-adu_t10-muscle_prot-ph_metadata_features_v1.2.txt	human-precovid-sed-adu_t10-muscle_prot-ph_metadata_features	prot-ph	t10-muscle	metadata	features	1.2	1.4	w+lOB0N06BJ68hKYTNbWrA==	5d509465708b8f86066064e71f84ae3a	MODIFIED
/Users/christopherjin/Documents/GitHub/precovid-analyses//data/tmp/freeze/proteomics/metadata/human-precovid-sed-adu_t10-muscle_prot-pr_metadata_features_v1.4.txt	gs://pre-cawg/staging_20260511/proteomics/metadata/human-precovid-sed-adu_t10-muscle_prot-pr_metadata_features_v1.4.txt	gs://motrpac-data-hub/analysis/human-precovid-sed-adu/v1.3/proteomics/metadata/human-precovid-sed-adu_t10-muscle_prot-pr_metadata_features_v1.2.txt	human-precovid-sed-adu_t10-muscle_prot-pr_metadata_features	prot-pr	t10-muscle	metadata	features	1.2	1.4	S6RiKQ9Pwj+E18R9o875KA==	2c034a99cda81e1bd7de83d6070a1b9d	MODIFIED
/Users/christopherjin/Documents/GitHub/precovid-analyses//data/tmp/freeze/transcriptomics/metadata/human-precovid-sed-adu_t04-blood-rna_transcript-rna-seq_metadata_features_v1.4.txt	gs://pre-cawg/staging_20260511/transcriptomics/metadata/human-precovid-sed-adu_t04-blood-rna_transcript-rna-seq_metadata_features_v1.4.txt	gs://motrpac-data-hub/analysis/human-precovid-sed-adu/v1.3/transcriptomics/metadata/human-precovid-sed-adu_t04-blood-rna_transcript-rna-seq_metadata_features_v1.2.txt	human-precovid-sed-adu_t04-blood-rna_transcript-rna-seq_metadata_features	transcript-rna-seq	t04-blood-rna	metadata	features	1.2	1.4	nAvoLOknqq2ex4BCv3QeTw==	09f15f8741522f27fafa571ece383738	MODIFIED
/Users/christopherjin/Documents/GitHub/precovid-analyses//data/tmp/freeze/transcriptomics/metadata/human-precovid-sed-adu_t06-muscle_transcript-rna-seq_metadata_features_v1.4.txt	gs://pre-cawg/staging_20260511/transcriptomics/metadata/human-precovid-sed-adu_t06-muscle_transcript-rna-seq_metadata_features_v1.4.txt	gs://motrpac-data-hub/analysis/human-precovid-sed-adu/v1.3/transcriptomics/metadata/human-precovid-sed-adu_t06-muscle_transcript-rna-seq_metadata_features_v1.2.txt	human-precovid-sed-adu_t06-muscle_transcript-rna-seq_metadata_features	transcript-rna-seq	t06-muscle	metadata	features	1.2	1.4	3NzDjpgZSQ2KD1bDJXe+CQ==	e43cd7e3e70efec71574c1d633b97277	MODIFIED
/Users/christopherjin/Documents/GitHub/precovid-analyses//data/tmp/freeze/transcriptomics/metadata/human-precovid-sed-adu_t11-adipose_transcript-rna-seq_metadata_features_v1.4.txt	gs://pre-cawg/staging_20260511/transcriptomics/metadata/human-precovid-sed-adu_t11-adipose_transcript-rna-seq_metadata_features_v1.4.txt	gs://motrpac-data-hub/analysis/human-precovid-sed-adu/v1.3/transcriptomics/metadata/human-precovid-sed-adu_t11-adipose_transcript-rna-seq_metadata_features_v1.2.txt	human-precovid-sed-adu_t11-adipose_transcript-rna-seq_metadata_features	transcript-rna-seq	t11-adipose	metadata	features	1.2	1.4	MgnRW/TWkjXjgnwrbrkQLA==	b0c3dbaed4d6763dd7b3faa3f34cbd6b	MODIFIED
